|,|__population_under_3_margin,|__homeownership_numer_margin,|__single_mother_families_perc_numer,|__white_18,|__other_18_margin,|__other_under_18,|__population_black_total,|__population_white_total,|__female_householder_no_husband_denom_margin,|__work_denom_margin,|__hispanic_under_18,|__black_18_margin,|__youth_ready_to_work_numer,|__total_neighborhood_poverty_denom_margin,|__hispanic_18_margin,|__population_black_total_margin,|__youth_ready_to_work_denom,|__work_denom,|__total_neighborhood_poverty_numer_margin,|__children_in_poverty_denom_margin,|__single_mother_families_perc_denom_margin,|__state,|__population_hisp_total_margin,|__no_hs_degree_18_24_denom,|__no_hs_degree_25_plus_denom,|__no_hs_degree_25_plus_denom_margin,|__homeownership_numer,|__population_under_3,|__youth_ready_to_work_denom_margin,|__white_18_margin,|__population_under_18_margin,|__median_family_income_denom_margin,|__hispanic_under_18_margin,|__work_numer_margin,|__youth_ready_to_work_numer_margin,|__county,|__population_under_18,|__population_white_total_margin,|__population_under_5_margin,|__population_other_total_margin,|__population_other_total,|__no_hs_degree_18_24_numer_margin,|__female_householder_no_husband_denom,|__no_hs_degree_25_plus_numer,|__other_under_18_margin,|__work_numer,|__children_in_poverty_numer,|__single_mother_families_perc_numer_margin,|__children_in_poverty_denom,|__no_hs_degree_18_24_denom_margin,|__no_hs_degree_25_plus_numer_margin,|__black_under_18_margin,|__white_under_18_margin,|__black_18,|__children_in_poverty_numer_margin,|__population_total_margin,|__homeownership_denom_margin,|__no_hs_degree_18_24_numer,|__white_under_18,|__total_neighborhood_poverty_numer,|__median_family_income_numer,|__hispanic_18,|__poverty_under_5_margin,|__other_18,|__female_householder_no_husband_numer,|__median_family_income_numer_margin,|__female_householder_no_husband_numer_margin,|__black_under_18,|__median_family_income_denom,|__population_under_5,|__tract,|__population_hisp_total,|__poverty_under_5,|__total_neighborhood_poverty_denom,|__single_mother_families_perc_denom,|__population_total,|__homeownership_denom
11001008804,92,111.2205017,205,115,238.9581553,0,2159,115,128,183,55,488.952963,97,447,158.3350877,468,191,928,296,158.6411044,128,11,146,223,1995,292.7080457,327,124,92.05433178,70.68238819,174,-1,61.26989473,75.89466384,67.48333128,1,458,62,101.9803903,202.9729046,264,76.8635154,314,402,238.9581553,95,81,117,458,140.7302384,130.3955521,148.050667,33.9411255,1777,81.2034482,445,131,82,0,793,4927488,83,45.607017,0,205,0,117,403,96,164,8804,138,32,2655,314,2676,1122
11001000901,59,120.1082845,38,4894,220.6127829,74,678,5689,133,234,148,265.7649337,480,347,282.9522928,259,615,2071,243,172.0145343,133,11,274,3533,3198,281.7410158,1301,137,180.9005252,620.0814463,140,-1,70.61161378,64.66065264,151.1886239,1,1040,602,87.04596487,149.9466572,446,77.19455939,985,57,220.6127829,108,16,36,1001,516.6236541,77.65307463,44.57577818,148.650597,690,60.52272301,690,91,78,795,551,38500154,810,24.04163056,74,38,0,36,23,154,246,901,958,0,4546,985,7771,1561
11001008802,111,135.1258672,299,599,260.7796004,86,3629,617,162,223,12,539.3968854,141,517,43.56604182,507,314,1845,354,185.7148352,162,11,23,394,3433,346.8904726,784,130,116.6018868,170.1881312,177,-1,37,85,68.39590631,1,729,166,135.0925609,140.346001,292,48.09365863,425,520,260.7796004,234,295,131,709,132.740348,127.1062548,184.1195264,37.52332608,3016,135.561794,521,107,59,18,1313,8885682,6,123.4908904,86,299,0,131,613,169,254,8802,18,168,4536,425,4556,1799
11001000902,41,93.11283478,80,1346,173.646192,44,51,1782,119,147,202,53.22593353,44,214,220.1567623,41,52,1039,51,130.3610371,119,11,202,56,1596,159.9124761,720,47,35.28455753,212.7980263,117,-1,87.54998572,39.56008089,35.28455753,1,682,194,46.06517123,57.07013229,124,24,667,21,173.646192,56,0,58,682,38.94868419,44.88875137,33.9411255,87.44712688,51,41.56921938,214,60,0,436,79,24402161,175,16.97056275,44,80,0,58,0,127,76,902,377,0,2334,667,2334,832
11001002802,116,85.47514259,413,1186,348.2427314,43,1204,1227,267,304,483,352.1036779,378,424,432.4962428,301,398,3264,336,230.0282591,267,11,407,435,3691,405.6747466,314,215,142.1935301,187.5446613,260,-1,146.3010595,113.6001761,137.8259772,1,901,184,145,100.5286029,312,118.6718164,679,1043,348.2427314,307,233,264,883,167.0269439,227.0110129,175.931805,36.29049462,902,142.8250678,429,89,147,41,760,10477456,1801,96.40020747,43,413,0,264,334,176,401,2802,2284,131,5001,679,5027,2027
11001002801,116,88.30062287,242,717,320.4574855,-12,1648,732,170,318,635,396.2713717,270,462,552.4798639,374,338,2174,324,267.0936165,170,11,506,478,2968,394.1624031,341,291,153.0555455,166.0150596,184,-1,221.8062217,157.2036895,140.2176879,1,947,163,164.7573974,163.7833935,255,163.9695094,699,798,320.4574855,239,339,151,929,203.8357182,224.1584261,136.5540186,31.4960315,1404,171.904043,467,100,198,15,986,5508860,1123,140.943251,-12,242,0,151,309,140,520,2801,1758,209,4375,699,4393,1785
11001002600,48,109.7223769,48,841,141.0177294,112,1020,984,96,170,26,196.4637371,76,190,121.5442306,183,83,1244,60,109.0412766,96,11,111,159,1909,158.8710169,759,92,57.68015257,147.9932431,92,-1,49.51767361,99.72462083,56.93856338,1,465,137,58.82176468,117.0256382,329,37.32291521,442,67,141.0177294,165,8,44,463,71.40028011,67.01492371,76.40026178,55.97320788,856,41.56921938,191,42,31,143,93,21421878,174,16.97056275,112,48,0,44,184,138,145,2600,200,8,2531,442,2533,1000
11001008001,78,165.8252092,83,1369,194.7562579,25,894,1683,125,289,0,388.1790824,91,344,86.90224393,373,102,1845,76,151.6706959,125,11,80,116,2430,280.2659451,949,141,65.3911309,324.2714912,109,-1,33.9411255,108.9311709,64.06246951,1,475,303,106.8316433,202.6252699,313,24,390,122,194.7562579,139,6,74,475,62.93647591,72.8079666,107.4895344,115.5119041,758,41.56921938,346,63,0,314,176,18792123,131,16.97056275,25,83,0,74,136,119,288,8001,131,0,2972,390,3021,1352
11001008002,81,152.0920774,54,1817,162.6468567,68,1198,2075,106,221,69,203.5706266,159,258,134.1901636,188,166,2295,157,124.040316,106,11,117,192,2952,270.4976895,1047,193,96.10931276,260.3920122,106,-1,65.71149062,126.5701387,96.10931276,1,541,251,86.37708029,108.2266141,239,29.54657341,429,150,162.6468567,226,24,36,533,94.15412896,83.6480723,78.08328887,69.30367956,1052,47.2546294,258,77,15,258,285,18620000,104,29.54657341,68,54,0,36,146,152,250,8002,173,21,3676,429,3685,1602
11001000300,111,188.512599,48,4425,232.858326,83,57,4947,136,561,123,93.33809512,664,646,252.7409741,74,696,3843,363,196.1071136,136,11,236,966,4385,548.0301087,1357,289,367.7240813,611.9754897,136,-1,90.45440841,110.0227249,362.2002209,1,728,591,128.1288414,249.4373669,579,45.91296113,728,126,232.858326,176,27,46,728,543.0616908,127.7419273,48.08326112,158.8489849,74,62.36986452,646,129,28,522,729,32677255,373,24.04163056,83,48,0,46,0,155,378,300,496,0,6079,728,6079,2563
11001007603,108,233.2573686,245,245,289.5099307,0,2928,267,195,303,0,558.691328,101,531,281.0569337,505,128,1748,299,201.4100295,195,11,279,153,3091,491.366462,889,67,112.3476747,137.8441149,208,-1,33.9411255,120.7683733,104.890419,1,388,131,108.6646217,52.77309921,43,44.19275959,310,305,289.5099307,275,56,194,388,114.9478142,157.3753475,193.8040247,42.89522118,2665,74.51845409,531,225,25,22,538,5267799,394,16.97056275,0,245,0,194,366,93,67,7603,394,0,3632,310,3632,1960
11001006202,12,24,0,0,60,0,0,0,12,12,0,36,0,12,36,12,0,0,12,58.78775383,12,11,12,0,0,33.9411255,0,0,29.39387691,36,12,-1,33.9411255,16.97056275,29.39387691,1,0,12,16.97056275,26.83281573,0,24,0,0,60,0,0,12,0,16.97056275,48,33.9411255,33.9411255,0,41.56921938,12,12,0,0,0,0,0,16.97056275,0,0,0,12,0,0,0,6202,0,0,0,0,0,0
11001007605,74,90.82400564,139,42,228.7881116,86,3197,44,141,224,0,351.4697711,166,415,42.15447782,318,231,1617,267,165.8734457,141,11,25,407,2573,270.5642253,338,129,112.4588814,46.81879964,167,-1,33.9411255,123.0650235,101.5233963,1,555,36,111.1980216,189.697127,270,54.8452368,408,447,228.7881116,344,202,98,551,142.0035211,142.8915673,149.689679,29.93325909,2730,101.7103731,414,118,62,2,875,6341757,24,68.0661443,86,139,0,98,467,141,249,7605,24,73,3531,408,3535,1563
11001007604,60,125,313,130,260.5379051,-12,3514,135,163,302,12,418.5212062,210,371,74.18894796,377,247,1928,219,185.9247159,163,11,64,356,2862,301.5609391,543,74,114.8216008,85.51608036,182,-1,37.52332608,128.3627672,114.1183596,1,588,79,68.47627326,58.07753438,75,56.96490147,467,282,260.5379051,286,72,117,588,141.3223266,105.9811304,179.6552254,32.74141109,2994,61.17188897,371,127,59,5,504,11554258,70,30.46309242,-12,313,0,117,583,157,94,7604,82,23,3806,467,3806,1616
11001008803,33,49.44694126,202,502,131.9810592,13,1154,502,88,181,3,316.7112249,225,323,76.96752562,309,300,598,294,86.29020802,88,11,70,741,923,219.3194018,77,39,127.4244874,141.1417727,99,-1,32,61.29437168,99.689518,1,267,137,45.27692569,69.8140387,128,41.01219331,219,190,131.9810592,87,184,92,250,201.8365675,124.2577965,73.76991257,33.9411255,917,67.88961629,382,60,26,0,590,850000,144,35.80502758,13,202,0,92,251,68,73,8803,147,39,1108,219,1931,480
11001001200,91,191.1726968,122,3478,232.6069646,94,214,3965,164,371,54,116.9786305,169,528,170.4992669,110,169,2846,178,184.4803513,164,11,158,203,4027,429.9546488,1323,149,110.8016245,504.7860933,164,-1,64.07807737,57.69748695,110.8016245,1,650,483,127.2870771,182.9234813,405,24,650,77,232.6069646,76,0,102,650,110.2587865,83.45058418,39.79949748,146.6969666,199,41.56921938,528,153,0,487,339,27272108,242,16.97056275,94,122,0,102,15,148,240,1200,296,0,4880,650,4880,2446
11001000702,49,144.5129752,82,2421,133.8431918,15,183,2555,92,354,0,133.8207757,146,330,215.6872736,126,155,2511,169,100.5733563,92,11,213,207,3008,440.9897958,531,75,98.65089964,393.0534315,92,-1,33.9411255,114.179683,97.8417089,1,169,385,62.00806399,163.2360254,285,24,169,24,133.8431918,262,0,66,169,113.2166066,53.48831648,45.07771068,79.15806971,163,41.56921938,330,154,0,134,293,11271762,361,16.97056275,15,82,0,66,20,129,107,702,361,0,3384,169,3384,2249
11001000701,125,223.1434516,33,3869,270.2091782,122,183,4171,213,278,0,134.39122,146,433,148.9194413,117,157,2896,201,196.9441545,213,11,145,177,4602,459.7042528,1600,196,88.10221337,445.5558326,213,-1,33.9411255,67.17886572,85.71464286,1,457,420,154.6156525,274.5924252,599,31.19294792,457,120,270.2091782,109,48,58,457,117.6180258,94.94735383,66.12110102,148.7279395,150,73.34848328,433,178,17,302,389,24948000,283,26.83281573,122,33,0,58,33,198,266,701,283,15,5236,457,5236,3435
11001003500,61,91.13725912,284,714,327.4736631,36,3310,741,268,339,115,496.47155,847,513,443.6665414,480,1000,2186,326,159.8436736,268,11,436,2248,2213,292.3627883,492,74,233.4459252,152.8332425,287,-1,82.12186067,104.6565813,206.6881709,1,498,146,86.2670273,181.0414317,342,36.23534186,392,474,327.4736631,285,226,262,483,329.8257116,145.2446212,126.8227109,45.18849411,3009,120.2206305,608,79,42,27,709,9780540,451,80.15609771,36,284,0,262,320,140,130,3500,566,75,2818,392,4959,1141
11001009811,108,102.4060545,935,0,441.7612477,0,4724,0,323,251,0,624.0432677,110,545,36,541,421,1175,438,324.3763247,323,11,12,626,2581,391.1559791,209,214,176.7653812,36,310,-1,33.9411255,122.8006515,81.18497398,1,1538,12,168.2408987,41.61730409,21,106.1696755,1245,433,441.7612477,307,782,324,1538,180.8120571,167.8600608,311.0450128,33.9411255,3186,229.6366695,545,140,155,0,1684,3360034,0,146.860478,0,935,0,324,1538,109,380,9811,0,234,4745,1245,4745,1783
11001003400,85,144.5752399,67,1047,194.7973306,-34,2864,1057,114,224,111,498.5127882,666,334,326.1916615,488,886,1856,197,132.0302996,114,11,311,2386,2000,331.1072334,516,110,247.7983051,336.4045184,121,-1,98.38699101,51.86520992,196.6545194,1,282,333,88.60022573,99.54396014,239,48.29078587,220,318,194.7973306,57,35,77,220,434.9402258,120.9007858,106.5176042,47.73887305,2925,78.07048098,436,118,39,10,457,7388865,397,56.61271942,-34,67,0,77,195,99,125,3400,508,35,2618,220,4668,1154
11001006802,45,90.60905032,67,882,145.0620557,122,869,1042,107,131,48,195.08716,99,250,85.77878526,184,159,1178,149,110.1044958,107,11,75,182,1622,173.8677658,647,92,113.4504297,207.3812913,110,-1,41.62931659,38.89730068,103.4263023,1,463,200,68.01470429,89.61026727,195,31.41655614,386,138,145.0620557,53,65,49,448,111.3193604,68.5273668,64.83054835,54.83611948,736,56.66568627,253,70,36,160,298,22384375,113,23.32380758,122,67,0,49,133,145,185,6802,161,14,2252,386,2267,915
11001010100,24,115.9568885,10,1446,74.57881737,21,326,1456,44,170,8,107.391806,130,184,113.7936729,100,144,1714,130,65.8634952,44,11,108,243,2151,274.1623607,431,20,71.28113355,214.3665086,44,-1,35.84689666,26.40075756,72.06941099,1,49,212,28.3019434,186.9786084,450,28.16025568,49,71,74.57881737,30,0,18,49,85.47514259,60.09991681,36.49657518,31.76476035,326,41.56921938,186,134,11,10,335,21580000,203,16.97056275,21,10,0,18,10,166,24,10100,211,0,2385,49,2443,1764
11001006801,49,81.05553652,88,633,149.9466572,0,1309,659,84,134,0,215.8703314,114,203,43.37049688,195,133,1173,185,110.3720979,84,11,27,190,1604,182.729308,470,61,62.27358991,109.0917045,109,-1,33.9411255,47.5394573,57.84461946,1,284,105,55.00909016,41.01219331,78,24,127,190,149.9466572,80,135,83,284,79.30952024,79.72452571,92.60129589,29.59729717,1051,75.99342077,203,70,0,26,329,12000517,32,48.50773134,0,88,0,83,258,131,83,6801,32,51,2032,127,2078,838
11001001902,44,95.63472173,88,144,151.3142426,18,1599,160,101,132,138,206.8936925,74,197,143.8193311,191,94,1131,163,105.4608932,101,11,127,131,1717,181.8295906,674,105,54.35071297,72.78049189,110,-1,67.49074011,71.69379332,46.84015371,1,397,65,68.8839604,42.95346319,75,24,305,197,151.3142426,159,110,70,391,61.74139616,69.02173571,71.89575787,32.74141109,1391,66.3551053,198,60,0,16,223,12626289,273,36.05551275,18,88,0,70,225,117,201,1902,411,32,2239,305,2245,819
11001006804,12,24,0,79,65.64297373,0,2760,83,12,13,0,238.153312,0,134,76.89603371,234,5,6,123,58.78775383,12,11,69,589,2395,338.4449734,0,0,29,55.80322571,24,-1,33.9411255,16.97056275,29.39387691,1,24,45,16.97056275,38.36665219,31,106.1084351,0,658,65.64297373,0,0,12,0,136.1322886,157.1400649,38.62641583,33,2752,41.56921938,233,12,368,4,114,0,134,16.97056275,0,0,0,12,20,0,0,6804,134,0,120,0,3008,0
11001001901,89,166.006024,120,254,316.1502807,50,2897,324,190,319,175,424.8623306,264,512,321.2818078,380,310,1810,315,229.6475561,190,11,309,342,2591,265.3827425,1008,156,131.0114499,127.9921873,231,-1,87.98295289,104.4030651,126.0436432,1,868,120,110.8016245,108.0601684,126,39.66106403,724,193,316.1502807,236,209,81,868,115.974135,77.64663547,192.0078123,44.51965858,2344,129.6418142,512,125,37,70,486,11573568,279,16.97056275,50,120,0,81,573,142,260,1901,454,0,3801,724,3801,1392
11001010400,88,111.8615215,385,218,393.1348369,0,4029,255,296,265,42,608.3814593,287,548,120.7311062,553,444,1588,517,260.8371139,296,11,108,626,2857,332.550748,460,120,185.0297273,137.2005831,296,-1,53.96295025,144.222051,145.8012346,1,947,130,145.6021978,48.13522619,57,101.8479259,696,496,393.1348369,318,490,210,947,197.7397279,175.6359872,249.2047351,43.8634244,3171,192.9352223,569,134,182,37,1312,4604596,47,149.6161756,0,385,0,210,868,109,325,10400,89,226,4112,696,4430,1591
11001010600,67,145.3065725,146,2421,257.4742706,-21,1722,2560,193,321,95,446.9507803,580,404,205.956306,422,694,3253,337,177.127073,193,11,183,917,3771,369.6755334,714,132,190.9633473,408.5082619,191,-1,94.49338601,130.0499904,171.2512774,1,431,400,112.200713,134.588261,423,69.83552105,397,363,257.4742706,226,115,151,431,229.3817778,133.9365521,118.3384975,82.93973716,1594,90.07219327,404,142,68,139,1097,30085662,319,16.97056275,-21,146,0,151,218,222,246,10600,414,0,5119,397,5119,2219
11001007000,64,99.94998749,22,1772,139.5528574,91,362,1891,45,284,39,125.7338459,22,229,150.0033333,108,22,1705,77,107.74971,45,11,144,440,2004,241.8098426,586,114,29.41088234,277.6778709,111,-1,42.01190308,47.01063709,29.41088234,1,285,273,71.11258679,104.2017274,214,82.90958931,205,51,139.5528574,81,0,31,273,226.5590431,54.38749856,53.03772242,50.75431016,335,41.56921938,322,74,70,119,149,19357664,223,16.97056275,91,22,0,31,36,118,151,7000,262,0,2336,205,2729,1177
11001005500,80,262.8231344,76,4310,220.1226931,0,277,4489,141,542,21,163.3646229,543,599,267.9981343,147,570,4280,377,165.7950542,141,11,262,913,5393,617.7183824,1535,124,302.2316992,578.2741564,146,-1,56.38262144,179.0027933,298.9782601,1,202,559,81.78630692,352.085217,1096,29.71531592,172,42,220.1226931,237,76,121,200,439.7647098,63.45076832,45.15528762,148.0540442,310,133.4915728,649,329,2,179,995,34980000,625,24.04163056,0,76,0,121,2,176,124,5500,646,0,6272,172,6508,4232
11001009810,161,48.08326112,703,4,342.9635549,62,2399,4,196,204,0,446.5467501,238,348,36.34556369,350,260,958,313,279.9464234,196,11,13,326,1319,228.7990385,86,242,135.6539716,34.87119155,196,-1,33.9411255,131.5294644,131.381125,1,850,8,217.3407463,103.9278596,83,24,800,174,342.9635549,320,311,192,833,148.2733961,91.41662868,277.3157046,33.9411255,1611,183.1502116,350,115,0,0,911,1970199,9,171.2658752,62,703,0,192,788,63,442,9810,9,277,2478,800,2495,1061
11001009204,100,77,377,212,327.4553405,-98,2053,261,256,201,241,411.1787932,123,350,301.6023873,319,182,986,318,194.9820505,256,11,283,257,1952,239.3658288,198,170,91.55872432,146.11297,256,-1,104.2832681,113.8112472,82.35897037,1,754,135,140.014285,65.17668295,90,70.9365914,692,437,327.4553405,191,364,202,754,115.9353268,136.568664,166.4091344,55.89275445,1652,149.0335533,350,87,83,49,1193,2846704,318,116.498927,-98,377,0,202,562,112,340,9204,559,202,2963,692,2963,1349
11001001702,78,124.2779144,90,942,164.176734,16,1408,1131,101,194,35,200.9129165,126,249,216.778689,183,145,1701,165,122.0901306,101,11,207,182,2392,230.8181102,760,122,70.24243732,167.2513079,109,-1,64.37390776,112.3610253,68.2202316,1,401,157,100.895986,81.27115109,137,26.85144316,351,206,164.176734,169,73,74,401,83.18653737,111.7094445,87.20665112,57.65414122,1268,61.53048025,255,58,10,189,277,12510588,264,47.50789408,16,90,0,74,161,111,207,1702,299,59,2948,351,2975,1332
11001009201,49,68.31544481,145,549,144.1526968,0,1086,597,99,124,65,204.5018337,122,182,111.7094445,185,176,783,118,96.95359715,99,11,100,396,1193,180.9143444,245,81,91.64060236,165.0817979,103,-1,49.78955714,62.64982043,74.00675645,1,288,159,57.98275606,42.61455151,63,24,248,167,144.1526968,74,62,77,277,161.0124219,83.08429454,75.63729239,44.39594576,922,42.47352116,239,70,0,48,315,4025524,66,20,0,145,0,77,175,79,110,9201,131,15,1518,248,1877,601
11001009203,83,142.25681,215,358,335.2297719,0,2086,358,231,261,52,586.9148149,194,570,155.3447778,556,402,1348,202,218.2429839,231,11,149,428,1781,281.9290691,548,98,205.1146021,143.0838915,274,-1,43.94314509,70.9365914,138.9172416,1,563,139,103.6001931,84.81155582,92,77.54353616,361,251,335.2297719,150,94,180,563,198.9095272,125.3634716,184.986486,33.9411255,1592,70.1925922,570,128,75,0,466,8177654,184,23.32380758,0,215,0,180,511,86,150,9203,236,13,2772,361,2772,1007
11001000100,142,222.733024,61,3588,352.3081038,130,44,4359,261,371,56,64.62971453,283,514,227.0264302,55,283,2609,83,244.4299491,261,11,216,338,3889,366.1079076,1309,367,162.5207679,528.5867951,261,-1,69.89277502,77.89736838,162.5207679,1,957,479,145.1344205,147.6617757,383,24,957,0,352.3081038,129,0,77,957,166.4812302,48,33.9411255,223.5240479,44,41.56921938,514,193,0,771,123,38000152,342,16.97056275,130,61,0,77,0,152,395,100,398,0,5184,957,5184,2446
11001011000,130,215.7104541,137,1812,208.784578,12,1084,1821,145,435,37,292.6106628,118,468,126.8108828,261,131,2068,80,152.1939552,145,11,113,217,2966,439.7487919,1351,123,80.98147936,412.4972727,145,-1,57.54997828,104.3886967,78.12169993,1,195,411,130.5526714,101.6907075,236,24,195,31,208.784578,189,0,132,195,122.5438697,57.30619513,134.2423182,35.11409973,951,41.56921938,476,216,0,9,127,15188712,200,16.97056275,12,137,0,132,137,132,123,11000,237,0,3289,195,3378,2179
11001009807,58,129.9345989,447,58,293,21,3127,58,213,176,0,435.8497448,140,399,49.47726751,398,328,995,400,200.8033864,213,11,36,418,2063,250.5553831,564,82,113.7936729,57.16642371,228,-1,33.9411255,99.28242543,68.25686779,1,747,46,77.23341246,40,21,98.55962662,584,285,293,168,381,231,726,122.8006515,108.5863712,177.6541584,33.9411255,2401,144.3398767,402,104,174,0,1070,5698858,22,75.66372975,21,447,0,231,726,121,158,9807,22,98,3142,584,3228,1318
11001003800,85,198.8190132,0,2745,250.5074849,49,750,2910,190,403,153,204.9658508,252,489,379.0131924,198,271,3398,237,170.4670056,190,11,363,318,4405,496.4332785,775,113,201.7944499,333.0435407,194,-1,109.0045871,96.84007435,199.9624965,1,385,317,97.12878049,237.1666081,518,34,331,440,250.5074849,168,66,17,385,215.2324325,169.1449083,52.98112872,102.1224755,732,96.43132271,489,152,0,165,539,21120990,777,24.04163056,49,0,0,17,18,145,175,3800,930,0,5108,331,5108,2702
11001002201,47,159.163438,96,366,266.300582,51,2807,387,164,215,126,350.8731965,248,342,203.241236,306,326,1690,136,178.0421298,164,11,188,462,2516,280.3800992,842,55,137.5827024,123.4422942,194,-1,77.22046361,102.2007828,121.3630916,1,758,117,107.7868267,88.41945487,196,38.05259518,408,335,266.300582,213,0,75,700,157.7624797,115.026084,160.5241415,39.35733731,2276,41.56921938,362,78,28,21,300,7375500,220,16.97056275,51,96,0,75,560,99,195,2201,346,0,3678,408,3736,1119
11001002202,132,136.9744502,476,104,338.0295845,11,2639,104,232,326,299,513.9066063,133,499,381.9057475,483,177,1689,450,238.9100249,232,11,357,352,2572,376.619171,668,205,88.17596044,83.23460819,247,-1,135.6576574,109.4440496,78.68290793,1,1041,76,155.3962677,128.0741972,139,60.16643583,884,413,338.0295845,283,364,200,1041,177.7301325,193.625928,183.5755975,33.9411255,1958,134.4581719,499,94,66,0,1021,6496398,784,82.92767934,11,476,0,200,731,107,335,2202,1083,105,3965,884,3965,1322
11001003000,78,95.57719393,448,1347,289.5168389,27,1777,1411,224,250,40,350.388356,209,369,125.6821387,307,243,1943,300,165.7317109,224,11,116,359,2646,331.7664841,464,147,103.6484443,244.5015337,227,-1,48.37354649,75.15317691,97.43715924,1,655,239,105.4751155,112.3610253,201,63.3245608,601,328,289.5168389,177,334,216,651,143.4224529,111.5706054,165.1998789,51.57518783,1278,128.0195298,368,91,93,64,965,5438265,231,79.9812478,27,448,0,216,524,147,284,3000,271,122,3656,601,3660,1487
11001002301,51,122.0409767,212,634,194.2549871,39,1938,717,133,243,58,306.0114377,70,359,258.6078112,282,157,1546,277,139.1977011,133,11,253,214,2519,295.3133929,775,139,89.47066558,186.4376571,141,-1,53.56304696,75.95393341,50.93132631,1,528,181,75.74298647,92.77391875,189,32.51153641,377,391,194.2549871,156,182,138,528,112.6143863,145.1826436,113.9605195,44.69899328,1612,86.78709581,359,70,17,83,519,7263480,359,50.60632372,39,212,0,138,348,120,213,2301,417,60,3261,377,3261,1088
11001007407,85,116.3958762,560,21,274,47,2837,21,205,190,0,373.2653212,284,313,36,314,339,1082,243,216.5779305,205,11,12,389,1684,224.2788443,442,170,137.4845446,42.75511665,179,-1,33.9411255,79.39773297,128.9030644,1,877,26,131.2440475,102.8396811,92,55.64171097,631,282,274,208,283,209,855,139.5170241,122.898332,201.819226,33.9411255,2007,144.3156263,308,93,72,0,633,4057700,0,52.39274759,47,560,0,209,830,100,308,7407,0,42,2928,631,2950,1158
11001002302,12,71.38627319,91,682,74.07428704,0,1031,682,41,156,0,227.3279569,102,235,38.41874542,224,104,692,247,61.69278726,41,11,18,322,1405,285.4295009,201,0,89.14033879,235.459126,41,-1,33.9411255,63.2534584,89.14033879,1,114,233,27.73084925,94.72592042,112,24,114,89,74.07428704,79,0,16,114,223.0425968,86.45808233,38.75564475,33.9411255,917,41.56921938,296,102,0,0,499,7393057,16,16.97056275,0,91,0,16,114,79,22,2302,16,0,1542,114,1841,879
11001008904,99,78.01281946,201,120,284.4714397,51,2566,120,209,254,104,369.2885051,129,362,317.5751879,331,156,1275,241,200.0424955,209,11,304,236,2315,271.3208433,200,159,92.27675764,82.3225364,211,-1,91.85858697,99.12618221,88.57764955,1,582,75,110.4626634,109.8954048,114,45.96737974,476,606,284.4714397,204,76,116,582,97.62171889,174.2871194,163.7467557,33.9411255,2139,64.79197481,362,124,44,0,760,5735094,229,16.97056275,51,201,0,116,427,137,218,8904,333,0,3133,476,3133,1559
11001009504,40,120.1082845,125,503,184.899973,26,2076,522,84,195,177,371.0781589,77,347,314.8491702,351,115,1291,151,142.0246457,84,11,299,196,2448,297.2019515,611,38,91.20307012,163.2053921,102,-1,98.63569334,83.86298349,81.12336285,1,426,158,43.8634244,49.53786431,57,46.86149806,348,344,184.899973,152,8,128,426,110.390217,123.8264915,111.2789288,40.8900966,1890,41.56921938,389,115,27,19,293,7799330,238,16.97056275,26,125,0,128,204,110,46,9504,415,0,2785,348,3070,1216
11001008903,103,99.92997548,689,166,396.2436119,-19,2875,166,265,231,147,578.9317749,85,516,207.9543219,522,160,1227,429,235.7053245,265,11,185,208,2286,346.2571299,321,122,89.17959408,112.2541759,306,-1,94.97368056,111.1575459,74.67261881,1,871,107,122.8739191,107.9907403,124,24,752,576,396.2436119,184,474,256,862,128.1600562,196.9746177,230.6534197,33.9411255,2179,180.4688339,518,111,0,0,1120,3105008,53,91.96738552,-19,689,0,256,743,94,180,8903,200,109,3356,752,3365,1415
11001005201,50,253.8089833,0,4196,104.9333122,46,308,4215,56,538,0,122.5561096,332,483,366.1707252,111,398,4908,217,100.4290795,56,11,363,437,5308,623.7042568,1453,46,209.9642827,487.9436443,56,-1,48.08326112,121.7415295,194.792197,1,80,485,56.35601121,216.6402548,661,34,80,244,104.9333122,258,0,17,80,229.8630027,187.3899677,51.95190083,53.51635264,293,58.88972746,483,221,0,19,526,32498395,641,24.04163056,46,0,0,17,15,185,61,5201,641,0,5825,80,5825,4088
11001004600,74,138.1557093,249,827,240.7695994,96,1697,886,170,230,27,353.7640457,91,319,130.56799,321,91,1657,218,170.9356604,170,11,118,168,2269,314.259447,537,146,69.35416354,218.0022936,184,-1,55.89275445,75.69015788,69.35416354,1,490,210,81.85963596,133.7348122,211,43.31281566,423,257,240.7695994,147,162,155,476,84.95881355,113.3313725,132.5330148,58.52349955,1410,114.2541028,324,95,31,59,413,12062538,106,31.38470965,96,249,0,155,308,107,186,4600,133,37,2913,423,2927,1212
11001002900,64,118.9159367,239,1603,305.6124997,3,1459,1692,213,322,402,389.757617,338,497,378.2935368,354,389,2931,275,205.5723717,213,11,333,512,3561,353.6424748,720,148,142.4570111,167.8779318,207,-1,179.4909468,106.8924693,121.8441628,1,795,160,113.7189518,94.15412896,224,94.1328848,585,578,305.6124997,327,187,203,795,193.0932417,168.3983373,125.499004,50.82322304,1228,131.8901058,497,83,127,89,515,11434153,1091,18.60107524,3,239,0,203,301,157,255,2900,1493,14,4868,585,4868,1640
11001000400,10,68.6658576,0,850,113.3534296,46,85,1025,69,102,60,84.14867795,63,184,116.5461282,77,67,633,86,90.21640649,69,11,105,69,1177,138.7119317,435,6,48.31148932,167.6126487,69,-1,50.57667447,22.47220505,45.92385001,1,281,154,21.47091055,98.81801455,200,23.60084744,281,42,113.3534296,19,15,12,281,43.0464865,49.50757518,33.9411255,66.16645676,93,41.29164564,184,66,10,175,145,24250097,157,16.97056275,46,0,0,12,0,97,16,400,217,0,1509,281,1527,597
11001009603,74,115.2996097,256,19,225.0844286,0,2676,19,158,233,72,379.4917654,131,396,194.9179314,364,210,1157,155,142.334114,158,11,173,451,2082,261.7021207,403,96,103.8652974,42.75511665,173,-1,89.79977728,87.32124598,87.85214852,1,366,26,79.84985911,58.05170109,75,99.26227884,305,379,225.0844286,150,17,147,356,164.541788,137.7642915,107.3219456,33.9411255,2382,47.5394573,398,126,147,0,527,5133255,57,28.63564213,0,256,0,147,294,115,117,9603,129,17,2889,305,2899,1481
11001009602,161,39.61060464,869,0,422.9645375,0,3015,0,296,194,71,467.3596046,182,370,214.2475204,365,211,1099,322,311.4080924,296,11,198,279,1792,252.0654677,61,356,108.3374358,36,293,-1,81.84130986,129.2942381,101.5726341,1,1083,12,210.1094953,26.83281573,0,55.57877293,972,509,422.9645375,250,481,289,1083,115.7626883,150.7614009,291.8903904,33.9411255,2003,223.2106628,370,105,67,0,1280,2369640,68,194.0953374,0,869,0,289,1012,105,547,9602,139,276,3154,972,3154,1454
11001008100,78,127.7536692,12,2092,185.3672031,22,383,2484,130,266,0,94.97894504,172,301,77.79460136,84,172,2078,77,132.2195144,130,11,70,188,2579,267.9402919,784,155,89.84987479,308.4153044,133,-1,33.9411255,54.40588203,89.84987479,1,448,285,108.2081328,81.98780397,162,24,414,67,185.3672031,110,0,19,448,90.78546139,54.38749856,40.31128874,117.8770546,358,41.56921938,303,100,0,392,89,28097872,186,16.97056275,22,12,0,19,34,136,317,8100,186,0,3208,414,3215,1372
11001010200,70,101.7447787,29,1057,134.8666008,25,1007,1109,80,190,0,247.7155627,125,242,87.82368701,233,152,1628,100,110.140819,80,11,81,166,2130,266.5333,442,122,71.59608928,191.5385079,80,-1,33.9411255,29.06888371,64.54455825,1,247,182,71.02112362,106.4518671,269,24,247,103,134.8666008,39,35,41,247,73.24616031,87.36704184,84.10707461,59.69087032,845,48.05205511,242,106,0,52,136,17451693,158,23.32380758,25,29,0,41,170,147,122,10200,158,12,2543,247,2543,1326
11001009904,108,80.40522371,371,20,267.5331755,-26,1993,22,197,149,60,337.2521312,51,251,108.411254,274,84,738,299,194.9743573,197,11,90,194,1264,188.9973545,278,151,62.84106937,35.90264614,193,-1,60.44005295,87.66413178,47.80167361,1,713,16,117.3882447,62.62587325,53,55.89275445,566,242,267.5331755,198,330,221,689,88.6171541,86.41180475,172.1598095,32.14031736,1363,146.7889642,261,82,75,2,817,3858276,43,90.42676595,-26,371,0,221,677,116,209,9904,103,158,2144,566,2171,871
11001009804,73,80.71554993,464,7,281.5492852,0,2363,7,240,153,0,337.7365837,169,286,146.9727866,300,254,1027,267,173.1993072,240,11,143,347,1502,183.3139384,351,125,86.33655078,37.52332608,230,-1,33.9411255,97.62171889,78.0320447,1,669,16,83.24061509,27.29468813,10,34.87119155,534,201,281.5492852,206,338,239,669,92.9569793,82.98795093,155.1322017,33.9411255,1694,123.4463446,286,57,33,0,693,5812500,138,61.52235366,0,464,0,239,669,125,175,9804,138,74,2518,534,2518,981
11001004801,24,103.169763,0,703,97.73433378,77,1025,715,58,203,0,209.071758,71,267,76.89603371,201,74,1363,139,85.6562899,58,11,69,173,1753,225.0222211,405,31,51.19570294,167.1466422,61,-1,33.9411255,41.72529209,50.69516742,1,212,163,36.87817783,121.6552506,291,44.92215489,183,233,97.73433378,66,0,12,205,57.31491952,95.15776374,57.53259945,37,902,41.56921938,267,124,47,12,251,10639736,107,16.97056275,77,0,0,12,123,97,55,4801,107,0,2131,183,2138,958
11001004802,72,75.59761901,58,739,217.7728174,135,1612,750,173,270,95,315.2316608,228,328,271.0239842,296,262,1985,258,163.1287835,173,11,261,357,2450,314.2849026,263,77,96.84007435,155.5409914,164,-1,73.02739212,56.56854249,94.34511116,1,506,152,72.99315036,193.1553779,515,31,380,439,217.7728174,84,104,55,472,115.6762724,153.6033854,118.7728925,33,1352,73.64102118,342,105,21,11,727,5753616,341,45.607017,135,58,0,55,265,136,77,4802,436,27,3279,380,3313,1585
11001009905,67,120.158229,350,12,264.656381,0,2659,20,190,149,29,419.2862984,26,409,126.8148256,386,243,1021,222,173.7181626,190,11,115,364,1683,208.4754182,446,103,104.4653052,44.28317965,198,-1,53.45091206,70.21395873,38.28837944,1,716,28,99.82484661,24.08318916,1,85.30533395,524,245,264.656381,160,222,152,716,168.6179113,98.19368615,163.7223259,34.3074336,1980,89.07300377,411,105,142,8,647,4429824,54,49.979996,0,350,0,152,679,103,225,9905,83,51,2754,524,2763,1074
11001007901,86,143.0174814,427,560,292.227651,42,3116,611,205,220,19,461.8289727,63,444,77.95511529,427,151,1617,335,194.7665269,205,11,69,333,2845,344.1017291,530,171,81.62720135,127.039364,227,-1,36.27671429,87.00574694,54.12023651,1,839,117,102.6255329,116.713324,184,76.89603371,656,654,292.227651,186,270,174,839,118.6970935,172.6093856,173.4992795,49.49747468,2436,111.1395519,444,106,138,51,1061,6679120,87,65.80273551,42,427,0,174,727,140,247,7901,106,97,4017,656,4017,1572
11001007903,59,83.27664739,177,192,161.6292053,24,1359,230,99,126,0,288.6485753,95,236,38.41874542,266,146,729,217,115.5378726,99,11,18,172,1145,129.8884136,487,87,94.78396489,104.8951858,104,-1,33.9411255,49.04079934,85.06468127,1,375,97,62.29767251,48.2182538,87,46.86149806,267,108,161.6292053,102,153,101,360,91.92388155,58.49786321,112.0803283,39.92492956,1046,82.69220036,239,67,40,38,423,6880374,16,14.4222051,24,177,0,101,313,123,109,7903,16,4,1677,267,1692,736
11001002701,161,178.8295278,44,2883,316.3415875,84,822,3156,237,404,295,278.4061781,415,509,465.1257894,274,527,3397,295,223.3853173,237,11,434,559,4238,522.5313388,658,255,302.3921295,488.4925793,234,-1,167.2901671,117.5457358,227.2311598,1,684,473,208.8300745,159.6402205,368,54.14794548,673,331,316.3415875,286,95,61,684,302.9521414,158.0537883,49.33558553,122.0491704,790,110.7655181,548,158,32,273,554,18675831,840,104.0624812,84,44,0,61,32,151,452,2701,1135,95,5301,673,5481,2631
11001002702,132,194.6792233,54,2787,310.7844912,-5,1189,3039,182,457,313,380.8648054,348,599,596.861793,331,385,3804,203,233.7263357,182,11,567,638,4495,465.4299088,852,284,148.6068639,489.0797481,187,-1,186.4269294,116.0387866,142.5342064,1,722,475,152.3154621,101.5480182,191,105.6692954,638,500,310.7844912,271,54,86,722,210,193.2278448,115.277925,116.5075105,1252,102.834819,599,150,136,252,432,16907451,1123,87.66413178,-5,54,0,86,162,141,388,2702,1436,54,5855,638,5855,2280
11001009901,52,121.679908,47,76,155.0032258,18,2032,104,90,187,17,251.035854,73,235,64.32728814,232,93,952,63,117.1324037,90,11,49,99,1823,182.6964696,776,65,62.8251542,83.99404741,108,-1,41.67733197,63.28506933,57.51521538,1,314,75,58.5918083,55.92852582,65,24,260,96,155.0032258,134,0,51,314,62.68173578,64.37390776,95.89056262,37.8153408,1781,41.56921938,235,83,0,28,126,12132019,18,16.97056275,18,47,0,51,251,101,87,9901,35,0,2236,260,2236,976
11001007601,124,181.5241031,294,81,337.2313746,-35,3688,81,181,308,35,611.0360055,175,581,114.2716063,573,243,1572,255,213.4361731,181,11,95,305,2913,372.6446028,925,111,132.5179233,63.78087488,252,-1,63.50590524,111.8257573,121.2023102,1,660,54,138.1918956,52.45950819,41,42.3083916,417,443,337.2313746,234,229,165,660,130.1076477,162.3607095,212.2168702,33.9411255,3088,137.7679208,583,156,52,0,887,6162109,33,97.90812019,-35,294,0,165,660,131,164,7601,68,109,3844,417,3878,1808
11001003700,160,164.1797795,706,1830,488.6419957,15,2108,1878,360,453,351,673.9888723,659,708,632.6104647,596,750,3296,309,317.3216034,360,11,599,1150,3519,502.7892203,566,212,277.3806049,355.4532318,379,-1,203.4576123,201.2411489,242.1838145,1,947,348,215.9282288,155.1096386,314,161.5054179,837,568,488.6419957,395,354,339,937,397.202719,259.3453296,220.2089916,72.40856303,1653,174.9056889,813,158,136,48,904,4975080,965,65.2533524,15,706,0,339,533,132,419,3700,1316,48,5079,837,5616,2400
11001004100,48,107.9212676,23,1798,126.364552,20,110,1974,83,173,41,103.3102125,115,244,144.3952908,97,115,1488,77,99.21693404,83,11,133,156,2207,221.269067,716,66,59.38013136,224.390285,81,-1,56.22277119,33.12099032,59.38013136,1,247,213,52.80151513,96.09890738,251,22.27105745,234,101,126.364552,41,0,34,234,70.88018059,86.18004409,35.55277767,70.58328414,100,41.56921938,242,110,4,176,155,31336614,234,16.97056275,20,23,0,34,10,158,80,4100,275,0,2597,234,2610,1436
11001001804,130,145.7497856,295,153,426.4797768,20,3189,190,267,462,700,523.2981941,225,695,592.9190501,492,262,2797,307,295.4945008,267,11,551,427,3945,500.1509772,521,262,120.2123122,102.1420579,304,-1,218.9794511,60.03332408,115.3646393,1,1204,81,161.6044554,114.8564321,97,74.65922582,983,1188,426.4797768,127,209,164,1178,186.6788686,282.3508456,194.0231945,62.22539674,2790,95.1052049,695,129,96,37,773,7277699,1400,66.21178143,20,295,0,164,447,143,384,1804,2100,75,5550,983,5576,2035
11001001803,156,98.2903861,93,230,284.244613,2,2712,295,196,245,235,432.649974,126,402,345.778831,374,166,1856,233,196.7511118,196,11,325,238,2712,284.9912279,350,344,80.74651695,140.1071019,199,-1,118.0593071,126.245792,71.31619732,1,980,134,168.2408987,229.9978261,254,36.72873534,947,434,284.244613,334,71,86,980,93.86160024,146.7889642,159.9437401,40.91454509,2208,91.14823092,402,89,25,65,394,6333525,434,82.87339742,2,93,0,86,678,135,490,1803,669,71,3930,947,3930,1605
11001007304,120,76.53103945,582,98,340.2763583,-1,3417,106,248,202,13,445.2370155,153,336,68.24221567,390,300,1007,373,227.804741,248,11,57,496,2209,263.5697251,269,285,112.1160113,67.20119047,256,-1,37.52332608,109.2016483,77.63375554,1,935,58,134.1640786,60.00833275,55,57.38466694,793,467,340.2763583,270,504,225,922,140.014285,169.5700445,218.3849812,33.9411255,2564,166.6703333,358,82,75,8,1347,4315922,49,122.380554,-1,582,0,225,915,113,372,7304,62,236,3446,793,3640,1241
11001007301,152,24,107,1517,382.7009276,85,897,2167,280,285,138,429.5637322,41,394,161.9382598,377,51,1376,72,258.4318092,280,11,146,806,1478,183.1174486,0,538,36.48287269,428.9848482,280,-1,70.05711955,63.15061362,34.81379037,1,1318,405,176.1391495,140.0357097,211,24,1318,0,382.7009276,110,37,75,1318,286.3319752,48,207.7233737,141.4319624,453,41.91658383,518,86,0,650,92,6896159,189,11.3137085,85,107,0,75,445,103,801,7301,327,11,2935,1318,3602,852
11001003900,53,138.5027076,23,2917,138.6794866,0,478,3135,53,340,0,116.46888,131,361,186.1209284,102,154,2954,192,116.9914527,53,11,183,228,3988,386.7634936,698,62,86.90799733,370.7977886,53,-1,33.9411255,150.8409759,78.17928114,1,235,352,68.24954212,144.893064,349,24,235,49,138.6794866,318,0,35,235,111.5033632,59.04235768,41.03656906,116.5632875,475,41.56921938,360,156,0,218,456,26168750,489,16.97056275,0,23,0,35,17,158,118,3900,489,0,4443,235,4451,2646
11001009302,18,59.88321969,40,171,111.597491,57,639,182,63,87,0,137.6662631,36,138,67.20119047,124,45,495,18,75.37240874,63,11,58,78,777,91.67878708,332,25,31.25699922,56.6568619,85,-1,33.9411255,29.54657341,32.20248438,1,170,47,23.43074903,137.7570325,127,29.54657341,104,157,111.597491,29,0,45,170,41.34005322,62.99206299,55.4616985,31.63858404,545,41.56921938,138,46,21,11,26,4403000,77,16.97056275,57,40,0,45,102,68,41,9302,77,0,1025,104,1025,448
11001001600,66,151.8815328,104,702,253.6099367,-15,2920,909,153,219,52,417.588314,52,304,160.2654049,337,78,1888,77,186.0752536,153,11,149,112,3180,255.8593364,1368,139,51.94227565,186.0591304,157,-1,59.02541825,75.16648189,42.52058325,1,832,173,90.55385138,68.8839604,133,26.85144316,771,68,253.6099367,170,11,72,826,58.82176468,70.9365914,177.4711244,68.47627326,2438,43.27817002,304,87,11,207,118,25936875,110,16.97056275,-15,104,0,72,588,159,229,1600,162,0,4102,771,4124,1506
11001009102,144,123.1949674,1048,292,488.0163932,-86,4303,329,380,262,267,619.1421485,283,448,383.6404567,576,318,1957,490,339.9897057,380,11,362,599,3013,301.9321116,605,330,169.5523518,178.3311526,365,-1,127.0275561,249.0702712,165.9668642,1,1641,168,193.3313218,68.49817516,88,77.4209274,1375,522,488.0163932,480,533,408,1589,187.7232005,140.7657629,291.9263606,59.81638571,3010,237.5352605,454,94,108,37,1212,8242080,266,160.9968944,-86,1048,0,408,1423,160,551,9102,533,208,5098,1375,5253,1860
11001010800,17,73.18469785,0,4114,96.71607933,23,796,4133,17,270,0,348.2010913,1342,274,192.1145492,345,1504,1638,222,83.28265125,17,11,186,5353,890,226.9735667,104,0,249.8179337,814.5477273,48,-1,48.08326112,47.50789408,244.2089269,1,53,813,24.04163056,190.5098423,987,34,0,39,96.71607933,79,0,17,0,730.0171231,87.08616423,47.10626285,50.18964037,820,58.88972746,898,104,11,19,510,7830000,380,24.04163056,23,0,0,17,11,108,0,10800,380,0,1379,0,6296,890
11001010500,50,181.6535163,0,1527,142.6078539,0,1365,1571,83,254,6,341.3678368,274,301,108.3420509,330,299,2314,106,101.4347081,83,11,103,372,2909,349.4452747,842,65,197.5904856,280.7294071,98,-1,33.60059523,72.00694411,195.202459,1,146,276,51.41984053,156.0096151,298,26.01922366,112,176,142.6078539,90,11,12,146,201.5564437,95.98958277,83.49251463,51.31276644,1319,41.58124577,301,94,16,44,326,18292974,187,14.4222051,0,0,0,12,96,129,65,10500,193,3,3427,112,3427,2255
11001006900,56,121.991803,18,1269,125.343528,0,556,1483,79,142,7,121.0371844,38,165,51.70106382,113,38,1409,82,97.50897395,79,11,39,38,1846,191.1465406,687,92,47.32863826,193.4244038,79,-1,33.9411255,71.38627319,47.32863826,1,264,176,64.49806199,43.55456348,55,24,264,96,125.343528,85,0,30,264,40.79215611,63.35613625,43.37049688,80.23091673,513,41.56921938,165,53,0,214,122,20979202,47,16.97056275,0,18,0,30,43,106,137,6900,54,0,2148,264,2148,1191
11001010300,69,129.3019721,102,631,227.4137199,5,1877,745,128,209,216,348.2872378,132,325,259.2951986,296,202,1385,313,185.0945704,128,11,226,302,2562,364.0865282,612,85,92.82779756,219.0662,129,-1,127.114122,69.46221995,80.82697569,1,583,210,109.4805919,92.20086767,142,70.23531875,524,347,227.4137199,131,117,68,583,112.6055061,131.5750736,122.5887434,62.36986452,1754,95.94269123,450,88,93,114,636,7764680,467,16.97056275,5,102,0,68,248,110,192,10300,683,0,3152,524,3447,1155
11001011100,88,149.9199787,231,391,267.1366691,17,4249,505,174,196,11,613.2479107,118,464,122.2824599,570,253,1905,330,189.2273765,174,11,117,407,3705,439.1639785,1137,241,89.1571646,216.6771792,195,-1,35.55277767,89.93886813,66.64082833,1,971,207,116.9316039,51.10772936,77,53.37602458,560,665,267.1366691,233,46,121,949,117.9915251,198.1413637,167.2513079,64.03124237,3510,51.98076567,571,96,80,114,870,15482445,241,16.97056275,17,231,0,121,829,165,394,11100,252,0,4839,560,5083,1666
11001005900,15,58.38664231,0,1711,88.20997676,12,677,1711,34,240,34,299.0317709,576,425,114.7431915,290,593,2025,300,73.88504585,34,11,106,801,2159,312.1297807,147,11,166.7902875,238.4281863,48,-1,43.93176527,25.05992817,166.2227421,1,83,236,40.85339643,141.9894362,406,41.10960958,68,228,88.20997676,28,0,12,68,213.3354167,102.2496944,48.93873721,33.9411255,666,41.56921938,443,86,39,0,495,22400064,215,16.97056275,12,0,0,12,37,144,45,5900,249,0,2728,68,3043,1394
11001009501,113,116.0861749,433,1596,378.4217224,7,3757,1616,247,353,578,642.3783932,671,544,479.1179396,606,720,2619,473,312.747502,247,11,440,2257,3313,412.195342,379,245,193.181262,355.7878581,232,-1,189.6154002,150.8409759,185.0567481,1,1413,353,197.5170879,101.4790619,213,90.26073343,1252,696,378.4217224,387,492,239,1353,396.3344547,203.3740396,226.8237201,44.45222154,2972,207.2027992,674,114,95,20,1380,6408048,819,111.2879149,7,433,0,239,808,136,632,9501,1397,180,5006,1252,6983,1763
11001003302,52,96.0104161,127,652,161.5889848,27,1200,722,98,167,17,254.1397253,178,245,143.8401891,223,199,1286,122,119.8499061,98,11,139,289,1641,189.6681312,533,112,86.72369918,147.1699698,99,-1,37,40.44749683,82.17663902,1,351,139,54.12023651,73.19152956,157,47.88527958,342,154,161.5889848,76,31,99,351,109.6220781,76.26925986,112.2630839,48.35286961,979,63.90618123,245,70,51,70,336,17116710,185,16.97056275,27,127,0,99,237,130,127,3302,202,0,2281,342,2281,920
11001003301,44,150.6917383,78,1335,188.9947089,47,1453,1432,135,315,39,337.4344381,323,422,184.4017353,327,344,2390,198,137.7969521,135,11,176,427,2684,313.6399209,912,55,159.2639319,286.9198494,142,-1,55.02726597,47.01063709,156.2977927,1,325,277,78.49203781,118.2032148,259,26.85144316,295,144,188.9947089,79,0,59,325,163.7681288,67.54257916,83.26463835,74.79304781,1311,41.56921938,422,108,9,97,371,19664017,253,16.97056275,47,78,0,59,142,131,150,3301,292,0,3436,295,3436,1466
11001002002,122,144.7411483,291,543,298.3169455,114,2216,601,198,206,322,463.06587,162,470,327.5087785,431,195,1718,299,231.2747284,198,11,297,222,2775,306.665942,930,112,89.86656775,241.3110027,213,-1,138.0326048,107.7868267,84.25556361,1,872,239,126.6491216,141.8449858,217,50.92150823,738,304,298.3169455,240,140,193,859,102.0686044,108.1850267,153.1698404,33.3166625,1924,113.4900877,470,80,53,58,611,11635568,513,16.97056275,114,291,0,193,378,112,155,2002,835,0,3847,738,3869,1404
11001002001,54,96.79359483,3,566,162.4130537,27,1121,632,96,234,198,252.1666116,31,291,317.2428092,226,31,1280,85,123.4463446,96,11,298,81,2083,222.3982914,468,103,30.95157508,213.4338305,85,-1,108.8071689,80.65358021,30.95157508,1,476,208,86.83317338,114.3066052,170,19.84943324,395,377,162.4130537,159,10,10,476,47.38143096,126.1269202,70.88018059,47.85394446,1011,38.44476557,291,67,6,66,180,9226250,519,13.41640786,27,3,0,10,185,121,217,2001,717,2,2640,395,2640,960
11001007401,84,29.54657341,670,4,257.7362993,-22,2389,4,154,120,22,330.9002871,54,283,53.31978995,281,97,455,301,171.1607432,154,11,35,284,1205,172.904598,53,186,50.51732376,34.46737588,182,-1,40.22437072,67.41661516,40.93897898,1,959,6,109.9863628,26.40075756,11,54.79051013,761,396,257.7362993,137,701,142,953,104.8093507,113.4416149,174.7398066,33.9411255,1474,147.0204067,283,65,92,0,1468,2250416,22,87.69264507,-22,670,0,142,959,112,314,7401,44,254,2442,761,2448,899
11001007403,79,49.8998998,536,15,391.0664905,-45,3198,15,236,149,73,487.163217,89,408,145.3753762,443,202,915,414,254.954898,236,11,126,390,1730,248.6403024,52,109,106.3249735,41,294,-1,72.51206796,105.1189802,77.88452991,1,1208,23,145.3444185,26.83281573,0,92.80086206,666,416,391.0664905,227,378,221,1192,150.0133327,146.0445138,245.126498,33.9411255,2082,141.1205159,417,77,144,0,1107,2314928,42,82.36504113,-45,536,0,221,1180,77,361,7403,115,97,3312,666,3328,1081
11001007404,137,117.392504,1287,6,425.3222308,0,3679,6,317,202,0,579.6585202,75,495,39.91240409,495,149,844,602,327.9451174,317,11,21,408,1755,261.2202136,222,164,100.8464179,35.38361203,296,-1,33.9411255,108.6324077,69.12307864,1,1584,10,144.5164351,58.62593283,49,67.47592163,1476,380,425.3222308,185,934,341,1584,153.5740864,153.1567824,301.6272534,33.9411255,2095,249.5936698,495,113,127,0,1762,2444931,13,77.66595136,0,1287,0,341,1584,83,213,7404,13,96,3747,1476,3747,1179
11001006400,55,62.64982043,382,81,228.302431,18,1782,81,168,133,0,285.7236427,78,255,57.97413216,260,105,584,248,163.3217683,168,11,47,243,1282,184.1303886,141,63,69.13031173,66.34003316,178,-1,33.9411255,65.21502894,59.83310121,1,461,57,58.52349955,67.32013072,64,65.50572494,396,330,228.302431,101,257,168,461,116.3615057,107.3405795,134.6625412,33.9411255,1361,109.3343496,255,88,91,0,933,2366520,59,58.79625838,18,382,0,168,443,104,82,6400,59,63,1986,396,1986,953
11001007406,80,29.54657341,752,0,416.1237797,-3,3017,0,292,198,26,492.9269723,216,425,69.87131028,421,228,1029,397,267.5126165,292,11,56,367,1550,240.3310217,17,133,120.3411816,36,322,-1,41.78516483,106.9298836,119.8957881,1,1212,12,113.137085,76.2758153,60,60.67124525,1012,321,416.1237797,190,572,228,1212,166.4812302,123.3936789,258.0251926,33.9411255,1877,188.3427726,425,84,47,0,1204,2262476,26,61.84658438,-3,752,0,228,1189,74,273,7406,52,84,3129,1012,3129,954
11001007409,150,100.5484958,756,25,489.4854441,12,3766,25,276,191,12,547.0648956,197,455,42.52058325,432,278,1136,422,335.4504434,276,11,20,517,2036,257.5732905,252,204,118.9411619,47.33920151,360,-1,37.52332608,116.7261753,99.32774033,1,1295,33,210.0214275,78.74642849,45,67.36467917,914,368,489.4854441,325,580,266,1295,175.4109461,142.7129987,327.7743126,33.9411255,2507,190.2261812,455,65,74,0,1247,3632142,0,107.9120012,12,756,0,266,1271,111,471,7409,12,165,3848,914,3848,1542
11001007408,127,29.54657341,893,16,442.9334036,0,3306,16,383,201,15,525.4797808,121,442,51.70106382,469,249,813,485,236.2625658,383,11,38,470,1799,257.1867026,49,279,125.4950198,43.37049688,371,-1,35.05709629,91.5259526,84.84102781,1,1088,27,145.9897257,26.83281573,0,120.3993355,959,392,442.9334036,188,784,386,1088,167.600716,111.193525,236.9978903,33.9411255,2233,198.2826266,474,99,204,0,1411,2188582,20,104.3503713,0,893,0,386,1073,106,402,7408,35,243,2892,959,3357,1052
11001009505,91,174.4763594,86,47,275.9510826,0,2303,47,223,201,126,387.6480362,116,360,257.5868785,345,158,1168,131,190.6095486,223,11,251,242,2056,286.0576865,948,84,95.79144012,50.20956084,201,-1,57.87918451,125.8014308,83.37865434,1,502,37,102.8834292,74.52516354,76,26.85144316,279,321,275.9510826,258,0,155,502,97.65244493,116.8546105,176.7653812,33.9411255,1927,41.56921938,361,104,11,0,329,6041952,248,16.97056275,0,86,0,155,376,81,149,9505,374,0,2787,279,2800,1101
11001010700,12,56.32938842,0,1301,60,0,127,1301,12,243,0,103.7111373,233,193,59.60704656,98,257,1220,127,58.78775383,12,11,49,531,1327,215.4622937,165,0,85.78461401,246.3493454,12,-1,33.9411255,52.63078947,84.34453154,1,0,244,16.97056275,228.317761,356,24,0,49,60,71,0,12,0,173.6001152,73.37574531,33.9411255,33.9411255,138,41.56921938,212,83,0,0,371,9405018,74,16.97056275,0,0,0,12,0,126,0,10700,74,0,1735,0,1858,1140
11001009508,66,175.319708,194,268,316.9132373,28,2878,276,243,344,61,477.3164569,84,494,286.3965782,412,118,1792,190,199.8649544,243,11,282,230,2758,380.6533856,849,75,57.84461946,148.1215717,250,-1,49.989999,111.0405331,47.51841748,1,696,144,169.3871306,102.8882889,132,26.2297541,500,177,316.9132373,209,72,130,696,99.86490875,119.5240562,185.0162155,34.69870315,2336,58.10335619,494,110,10,8,399,10407250,337,16.97056275,28,194,0,130,599,133,260,9508,398,0,3684,500,3684,1632
11001009509,65,169.8911416,129,76,376.4518562,0,2818,76,271,250,210,400.3061329,125,417,272.1966201,353,150,1385,88,228.0372777,271,11,242,157,2564,334.5071001,1077,115,99.42836617,76,299,-1,124.6073834,216.1712284,91.44397192,1,596,68,162.5607579,26.83281573,0,24,472,192,376.4518562,294,14,219,596,118.460964,119.507322,188.7749983,33.9411255,2432,44.55333882,417,98,0,0,132,8175000,213,16.97056275,0,129,0,219,386,109,223,9509,423,0,3317,472,3317,1266
11001004702,12,88.39117603,85,1056,109.6129554,7,951,1069,96,173,0,197.398075,57,164,55.56977596,184,83,1276,145,86.11620057,96,11,44,117,1965,200.6539309,383,11,54.31390246,185.4400173,67,-1,33.9411255,31.38470965,46.7653718,1,203,182,39.84971769,78.60025445,184,27.74887385,189,210,109.6129554,43,67,78,201,59.61543424,102.0539073,71.484264,35.55277767,768,63.78087488,207,60,10,13,355,19665000,81,32.31098884,7,85,0,78,183,152,45,4702,81,19,2038,189,2285,1216
11001004701,219,139.8427689,681,626,555.9946043,81,2603,626,402,482,101,594.4249322,65,532,270.1499584,509,109,1557,488,381.5363679,402,11,228,203,2866,495.0474725,379,232,83.62415919,161.6044554,439,-1,144.9034161,43.8634244,67.91170739,1,914,158,257.7925523,164.7604321,526,52.40229003,842,562,555.9946043,44,390,348,914,133.8693393,206.4146313,307.0179148,33.9411255,1871,287.961803,532,113,41,0,1042,4062523,127,206.6518812,81,681,0,348,732,101,389,4701,228,211,3983,842,3983,2218
11001000501,51,124.1491039,50,2325,181.5213486,68,110,2475,126,461,54,78.69561614,350,502,249.505511,65,362,2289,183,144.0277751,126,11,240,460,2629,405.7758002,354,81,223.6671634,348.5584599,126,-1,68.21290201,97.09788875,219.9522675,1,272,332,96.56603958,183.341212,400,24,272,45,181.5213486,147,50,65,272,252.4004754,62.43396512,33.9411255,106.1555463,127,61.59545438,514,145,0,150,327,18540500,322,16.97056275,68,50,0,65,0,110,173,501,376,0,3284,272,3361,1952
11001009503,78,152.548353,235,492,211.3622483,-30,2611,507,127,169,41,334.5713676,133,250,95.43060306,261,167,1222,252,166.5502927,127,11,85,333,2290,252.4856432,1040,91,110.9549458,192.2368331,122,-1,43.38202393,61.03277808,105.3707739,1,639,189,99.02019996,47.80167361,44,40.70626487,541,111,211.3622483,101,105,142,639,146.2942241,70.49822693,163.3217683,35.12833614,2073,61.2780548,263,60,34,15,548,9151010,59,21.63330765,-30,235,0,142,613,110,169,9503,100,10,3182,541,3262,1225
11001000502,49,102.9854359,7,2184,110.4988688,84,118,2456,60,193,42,72.44308111,198,237,122.2129289,64,198,2044,101,101.8577439,60,11,115,213,2496,253.3120605,831,75,102.8105053,243.1213689,60,-1,41.36423576,59.80802622,102.8105053,1,398,231,55.47071299,101.1632344,243,29.54657341,398,85,110.4988688,110,0,11,398,100.124922,68.28616258,33.9411255,75.80897045,118,41.56921938,237,113,10,272,119,43500000,248,16.97056275,84,7,0,11,0,174,108,502,290,0,3107,398,3107,1609
11001009507,52,84.08329204,67,10,180.2442787,-62,1416,10,108,115,111,243.4994867,18,193,160.1249512,219,49,626,117,138.7191407,108,11,134,113,1144,129.3135724,521,71,37.02701716,35.67912555,111,-1,87.658428,35.4682957,31.40063694,1,366,11,57.27128425,25.63201124,5,27.49545417,168,104,180.2442787,57,44,69,366,48.27007354,59.85816569,106.44717,33.9411255,1175,53.57238094,193,34,16,0,134,4504908,81,37.12142239,-62,67,0,69,317,83,96,9507,192,34,1623,168,1623,591
11001008200,41,100.0949549,25,2279,136.8941197,16,168,2500,83,268,77,101.8233765,193,310,134.1156218,96,202,1900,195,107.4011173,83,11,119,489,2250,267.3499579,588,99,89.03931716,300.6559496,83,-1,61.85466838,26.83281573,82.80700453,1,314,289,53.90732789,69.59885057,146,31.38470965,314,17,136.8941197,28,0,29,314,201.2958022,45.26588119,33.9411255,82.90355843,168,41.56921938,333,112,21,221,292,29325321,162,16.97056275,16,25,0,29,0,141,163,8200,239,0,2855,314,3053,1425
11001009301,146,129.398609,76,799,266.5745674,25,1983,1086,191,206,26,358.2917805,86,360,101.9117265,332,130,1548,220,196.0204071,191,11,92,209,2543,284.7068668,866,239,85.35221145,240.0083332,186,-1,43.84062043,104.7091209,65.36818798,1,605,203,158.6190405,92.24966125,167,38.15756806,569,132,266.5745674,195,36,50,605,99.03534723,73.65459931,134.7182245,128.0429615,1716,67.08203932,360,71,33,287,404,8069331,95,55.31726674,25,76,0,50,267,93,307,9301,121,36,3354,569,3357,1169
11001007809,92,142.334114,490,56,386.8849958,0,2495,56,282,208,13,501.5655491,106,454,64.93843238,451,163,974,300,215.2394016,282,11,53,207,1785,230.382291,698,143,80.30566605,75.10659092,316,-1,37.52332608,72.12489168,61.68468205,1,672,67,94.83142939,46.62617291,59,34.66987165,568,313,386.8849958,130,229,277,662,91.28526716,105.2710786,217.4028519,33.9411255,1844,107.9120012,454,118,26,0,674,3666000,41,39.59797975,0,490,0,277,659,94,157,7809,54,41,2650,568,2664,1131
11001007808,143,135.8859816,341,31,468.8219278,0,4216,31,279,306,10,797.602658,165,730,74.75961477,729,456,1225,563,360.1138709,279,11,66,750,2222,349.4109329,560,251,169.5228598,45.29900661,340,-1,35.11409973,139.7139936,102.4548681,1,1352,30,190.5911855,26,7,149.3519334,744,514,468.8219278,237,425,210,1352,222.049544,161.3753389,319.0752262,33.9411255,2897,184.4152922,730,129,228,0,1388,4849248,60,79.906195,0,341,0,210,1342,96,416,7808,70,89,4323,744,4324,1315
11001004901,51,65.3911309,228,749,244.0102457,43,1012,800,181,194,182,205.1389773,97,327,327.2674747,178,134,1213,311,164.5691344,181,11,306,164,1787,224.8399431,260,120,79.97499609,157.6673714,185,-1,116.0517126,36.05551275,73.58668358,1,562,153,88.23264702,149.6729769,227,34.46737588,527,330,244.0102457,70,236,80,562,84.1546196,128.3277055,101.970584,38.07886553,726,129.4913124,326,73,40,51,623,5381751,292,72.00694411,43,228,0,80,286,129,183,4901,474,55,2483,527,2513,1025
11001007804,131,143.7115166,339,21,342.5040146,0,3097,21,185,235,27,606.521228,128,543,184.6618531,584,154,1070,359,240.6948275,185,11,176,247,2156,385.5541467,450,230,79.85612062,37.96050579,247,-1,55.89275445,49.73932046,74.00675645,1,892,17,150.4559736,40.4103947,38,50.32891813,583,539,342.5040146,67,375,161,880,119.5700631,195.867302,228.0877024,33.9411255,2272,181.035908,599,125,40,0,787,4255020,112,152.502459,0,339,0,161,865,84,332,7804,139,194,3058,583,3295,1081
11001007807,88,79.28429857,357,2,211.9575429,0,2172,2,141,119,19,267.4266255,103,228,54.49770637,229,117,732,195,145.9897257,141,11,41,229,1394,173.0115603,293,160,66.03029608,34.3074336,153,-1,35.90264614,60.44005295,64.95382976,1,597,5,95.85405573,28.31960452,20,46.54030511,495,292,211.9575429,148,209,140,597,98.2903861,93.49866309,138.1158934,33.9411255,1594,91.25239723,229,51,57,0,505,4524928,7,55.1724569,0,357,0,140,578,106,212,7807,26,86,2216,495,2220,884
11001004902,39,92.45539465,149,1282,146.1745532,13,725,1334,92,226,24,188.1063529,185,245,200.2273708,165,253,2061,191,115.112988,92,11,195,319,2208,276.732723,437,46,100.6280279,226.9779725,92,-1,45.45327271,83.86298349,88.62279616,1,232,221,56.5862174,104.5083729,250,61.00819617,232,334,146.1745532,117,48,104,232,127.4754878,128.1756607,90.32718306,51.74939613,582,56.25833272,246,91,66,52,411,14987544,426,34.17601498,13,149,0,104,143,132,90,4902,450,25,2747,232,2759,1406
11001007803,35,129.2284798,287,34,288.2932535,0,2781,34,198,221,0,494.3156886,169,480,143.0838915,458,299,1106,296,185.8682329,198,11,139,363,2104,280.4389417,507,23,119.8749348,46.64761516,215,-1,33.9411255,116.3615057,91.94019795,1,539,32,119.2518344,68.42514158,70,52.78257288,352,345,288.2932535,192,244,184,539,118.6001686,137.7425134,185.9677391,33.9411255,2242,128.4056074,480,141,65,0,642,4402188,121,60.44005295,0,287,0,184,539,108,140,7803,121,59,3006,352,3006,1350
11001002400,55,139.1042774,363,680,309.8241437,50,2369,756,215,262,181,414.2511316,183,398,244.0286868,358,344,2208,333,210.5730277,215,11,231,445,3083,283.0265005,836,117,125.9761882,156.0480695,233,-1,78.67019766,116.6190379,90.60905032,1,754,151,85.14693183,108.078675,230,65.78753681,648,336,309.8241437,263,198,245,746,148.519359,113.3004854,184.2905315,39.37003937,1977,141.2090649,394,77,79,76,542,11130500,746,16.97056275,50,363,0,245,447,125,213,2400,927,0,4252,648,4282,1340
11001001100,72,222.744248,113,3010,245.4607912,139,346,3414,176,261,70,212.1061055,181,341,163.1318485,199,204,2255,122,185.0972717,176,11,151,310,3453,378.3464021,1515,136,94.31330765,332.3777971,176,-1,61.73329734,25.17935662,92.29301165,1,680,300,90.60353194,152,404,33.28663395,664,90,245.4607912,22,0,92,680,125.8650071,140.121376,70.63285355,143.0908802,296,41.56921938,373,138,14,404,243,23533750,209,16.97056275,139,113,0,92,67,134,233,1100,279,0,4348,664,4443,2081
11001003600,70,176.9152339,194,2095,223.702928,39,1644,2165,151,381,197,421.6467716,348,519,296.4101888,412,444,2973,185,159.4992163,151,11,271,481,3786,537.6932211,646,79,184.3474979,333.3211664,153,-1,120.0749766,85.0940656,155.8011553,1,446,327,94.17536833,190.3076457,328,24,388,292,223.702928,148,49,141,438,198.2170527,119.4654762,89.67719889,64.60650122,1504,67.6535291,522,148,0,70,501,10663788,379,38.94868419,39,194,0,141,140,114,131,3600,576,27,4692,388,4713,1962
11001004202,28,106.723943,0,2043,82.41359111,44,66,2108,46,190,25,59.43904441,155,236,139.1438105,48,177,2017,96,74.16872656,46,11,133,231,2393,275.6791613,588,68,100.2696365,206.1310263,49,-1,40.8900966,92.76313923,99.13122616,1,136,202,30.46309242,120.2206305,341,25.78759392,118,31,82.41359111,177,0,12,131,106.0188662,57.24508713,32.14031736,41.06093034,74,41.56921938,237,125,17,65,223,29711250,220,16.97056275,44,0,0,12,2,171,68,4202,245,0,2666,118,2760,1712
11001004201,43,159.3831861,51,2734,126.8936563,0,314,2789,79,375,71,123.3977309,282,372,166.9580786,117,282,2953,103,98.09179374,79,11,151,297,3201,351.0811872,822,44,173.4416328,342.3244075,85,-1,71.23201527,47.42362281,173.4416328,1,144,339,59.41380311,122.2006547,268,24,126,94,126.8936563,56,0,57,141,173.6260349,74.71278338,39.2173431,47.59201614,296,41.56921938,371,102,0,55,206,15601728,200,16.97056275,0,51,0,57,18,138,88,4201,271,0,3639,126,3642,2112
11001008402,63,108.9724736,5,911,112.4588814,34,873,946,74,247,13,301.9552947,108,315,57.07013229,295,115,1269,108,89.89438247,74,11,43,123,1759,335.787135,411,77,98.48350116,230.4842728,78,-1,37.52332608,35.84689666,98.07140256,1,129,227,68.94200461,95.92705562,124,24,91,255,112.4588814,51,11,11,116,99.64436763,114.8607853,59.67411499,39.92492956,835,45.475268,315,119,0,35,243,11746875,55,25.05992817,34,5,0,11,47,105,104,8402,68,11,1998,91,2011,1045
11001007806,74,83.5044909,361,48,217.9380646,9,2018,58,141,110,0,311.385613,77,255,35.11409973,269,96,731,175,148.0641753,141,11,9,193,1405,196.6774008,273,121,51.20546846,60.08327554,144,-1,33.9411255,56.60388679,50.32891813,1,518,51,79.47955712,37.52332608,34,41.56921938,404,160,217.9380646,139,83,145,512,70.29224708,92.82779756,156.8438714,31.76476035,1519,66.42288762,255,84,35,10,492,5226704,6,50.44799302,9,361,0,145,499,112,167,7806,6,38,2110,404,2116,865
11001006600,28,102.0735029,0,1502,125.8928116,23,72,1682,89,169,0,71.14773363,82,226,54,57,82,1247,74,90.02777349,89,11,42,142,1561,255.3703193,511,55,68.81860214,218.2498568,90,-1,33.9411255,34.88552709,68.81860214,1,229,207,45.607017,92.16289926,112,24,219,11,125.8928116,37,0,12,229,98.32598843,47.12748667,42.57933771,69.16646586,46,41.56921938,226,86,0,180,88,24837375,66,16.97056275,23,0,0,12,26,107,111,6600,66,0,1932,219,1932,855
11001007200,62,106.0848717,95,2604,149.6796579,48,1036,2792,78,459,0,302.6350938,459,362,82.3225364,296,518,2996,126,109.4714575,78,11,75,771,3157,380.2880487,462,177,200.5642042,458.6861672,106,-1,33.9411255,42.05948169,195.0256393,1,319,454,73.24616031,115.6460116,283,43.31281566,277,136,149.6796579,59,20,70,319,370.7424982,85.83122975,75.75618787,65.39877675,971,50.44799302,525,121,34,188,405,22201037,136,16.97056275,48,95,0,70,83,199,239,7200,136,0,3999,277,4247,2112
11001005301,71,201.0198995,0,3726,184.5535153,0,180,3968,89,343,25,105.7733426,359,394,156.1889881,97,359,4065,175,165.7437782,89,11,145,477,4526,411.830062,1296,150,170.0235278,416.9784167,89,-1,58.05170109,63.95310782,170.0235278,1,275,391,88.60022573,185.7229119,811,30.78960864,261,14,184.5535153,94,0,17,261,213.0187785,69.7423831,42.17819342,144.8792601,172,58.88972746,394,164,4,242,411,35288820,294,24.04163056,0,0,0,17,8,210,241,5301,319,0,5260,261,5278,3433
11001009906,25,66.83561925,142,15,155.7176933,0,1438,27,84,121,0,249.4614199,38,212,50.95095681,232,61,577,185,111.8525816,84,11,38,95,1071,154.4959546,249,24,45.37620522,54.4885309,105,-1,33.9411255,47.38143096,39.11521443,1,353,40,27.73084925,40,20,35.88871689,310,187,155.7176933,85,98,71,353,51.6139516,74.65252842,103.4504712,37,1113,65.62011887,212,59,35,12,413,4138750,34,16.97056275,0,142,0,71,341,86,24,9906,34,0,1519,310,1519,636
11001009907,121,91.20307012,689,0,320.9735192,-20,2740,0,235,203,40,387.2880065,81,334,115.2085066,315,217,727,404,228.341849,235,11,103,381,1562,228.5891511,221,213,92.72540105,36,230,-1,51.6139516,86.45229899,53.13191132,1,899,12,121.5935854,28.3019434,9,90.21086409,742,392,320.9735192,170,467,241,899,127.8632082,149.6763174,215.1929367,33.9411255,1881,180.6100772,334,87,150,0,1119,2186694,53,121.1156472,-20,689,0,241,879,82,213,9907,93,109,2842,742,2842,1058
11001001500,133,196.8933722,34,3474,381.3371212,124,909,4739,243,364,93,559.271848,225,547,178.3199372,535,226,2641,105,285.9178204,243,11,162,257,4229,322.8978167,1863,263,91.84770003,438.0593567,243,-1,74.52516354,60.10823571,91.84770003,1,1730,371,149.3753661,165.447877,356,49.66890375,1714,68,381.3371212,79,20,40,1730,105.4182147,86.81013766,162.9723903,232.9270272,661,58.39520528,562,142,42,1265,156,32501346,119,22.02271555,124,34,0,40,248,138,373,1500,212,8,6020,1714,6216,1989
11001007709,86,78.79720807,169,19,189.0608368,15,1608,19,112,150,20,255.867153,57,254,104.560987,232,78,742,180,114.179683,112,11,94,159,1373,202.2745659,218,98,52.08646657,37.96050579,146,-1,45.79301257,56.30275304,44.64302857,1,238,17,86.83317338,58.71967302,59,43.65775991,185,219,189.0608368,92,68,110,235,63.70243323,85.78461401,105.7307902,33.9411255,1407,54.3783045,255,107,60,0,476,4102362,64,26.07680962,15,169,0,110,203,99,98,7709,84,20,1763,185,1770,949
11001009902,83,161.7096163,147,18,214.7440337,10,2714,22,128,202,19,318.136763,81,278,58.6600375,277,180,1009,281,158.5622906,128,11,44,273,2105,316.7143824,835,98,98.45303449,40.85339643,146,-1,38.79432948,87.59566199,74.04052944,1,452,25,106.0424443,50.95095681,63,60.07495318,233,325,214.7440337,170,176,124,432,118.4060809,114.0043859,149.1643389,32.31098884,2324,107.4383544,280,102,79,4,561,5062500,12,83.63013811,10,147,0,124,419,90,177,9902,31,110,2810,233,2830,1160
11001009903,27,88.2892972,252,53,175.3453735,-7,1628,60,111,138,7,262.2689459,85,212,41.29164564,224,85,839,171,145.0965196,111,11,24,146,1170,167.3051105,380,29,60.44832504,63.78087488,97,-1,33.60059523,69.46221995,60.44832504,1,452,54,43.41658669,79.69943538,57,28.42534081,341,138,175.3453735,142,172,130,452,76.89603371,69.91423317,138.0434714,33.9411255,1196,88.16461875,212,88,22,7,340,4437232,16,34.17601498,-7,252,0,130,445,73,71,9903,23,31,1768,341,1768,707
11001009000,59,105,107,68,243.6472861,0,2845,68,143,170,0,349.1060011,90,299,71.56116265,288,105,992,151,180.7761046,143,11,63,170,2378,262.3718735,638,151,80.85790005,53.22593353,143,-1,33.9411255,67.44627492,78.44106068,1,431,41,82.73451517,29.41088234,11,24,412,452,243.6472861,79,0,119,431,84.90583019,138.6975126,191.3400115,33.9411255,2424,41.56921938,299,99,0,0,615,11177568,55,16.97056275,0,107,0,119,431,153,247,9000,55,0,2979,412,2979,1694
11001005800,46,104.618354,10,1477,90.22194855,96,221,1554,56,161,6,111.3013926,128,195,139.0431588,105,128,1833,126,90.98351499,56,11,135,145,2373,224.9955555,613,77,91.02746838,190.3496782,56,-1,33.28663395,39.56008089,91.02746838,1,179,183,53.85164807,159.5587666,678,24,179,233,90.22194855,54,38,15,179,90.44335244,93.38094024,33.9411255,52.38320341,230,58.5918083,195,122,0,77,375,36435905,238,16.97056275,96,10,0,15,0,199,104,5800,244,0,2697,179,2697,1718
11001004400,61,207.7835412,28,3406,179.6941847,31,1049,3620,102,273,53,205.2315765,432,433,270.2313823,223,432,3814,339,151.6212386,102,11,259,453,4731,527.1954097,1359,184,200.8556696,416.9292506,101,-1,77.09734107,69.12307864,200.8556696,1,371,406,63.3245608,240.3268608,388,47.0637865,366,249,179.6941847,69,71,36,366,207.0772803,144.2705791,84.56358554,94.83670176,1131,88.87631856,432,83,35,214,718,28370637,445,24.04163056,31,28,0,36,73,153,184,4400,498,0,5549,366,5555,2648
11001007708,147,67.74953874,303,0,325.5026882,0,2797,0,203,181,0,419.0799446,35,356,36,356,211,723,473,223.2487402,203,11,12,421,1661,233.7070816,144,173,97.93875637,36,234,-1,33.9411255,107.7032961,38.63935817,1,715,12,165.4841382,26.83281573,0,139.7748189,591,286,325.5026882,218,401,164,715,178.0168531,102.6547612,221.1153545,33.9411255,2082,181.4607396,356,105,211,0,944,3454944,0,137.5245433,0,303,0,164,715,87,276,7708,0,150,2797,591,2797,1099
11001003200,100,144.2705791,275,633,309.4010343,83,2540,691,189,309,321,399.2217429,299,484,372.5761667,381,332,2493,222,202.4401146,189,11,354,426,3448,373.3014867,862,204,120.818045,208.1754068,247,-1,116.1765897,108.9036271,117.4606317,1,907,204,127.440182,113.406349,219,64.57553716,641,1015,309.4010343,249,189,113,893,131.3659012,244.8877294,139.6495614,41.48493703,2199,112.6410227,484,121,68,58,646,11877967,1010,46.09772229,83,275,0,113,445,139,337,3200,1331,51,4767,641,4781,1663
11001000202,40,179.1033221,52,3479,177.4204047,25,172,3825,136,364,16,98.55455342,654,393,109.9545361,88,684,1916,251,118.6844556,136,11,104,1757,2376,245.0775388,1101,79,268.2908869,591.8166946,138,-1,35.6931366,13.41640786,263.0190107,1,418,584,57.28001397,130.4530567,323,24,410,40,177.4204047,3,8,35,410,517.0725288,55.45268253,44.37341546,95.86970324,141,41.29164564,625,159,0,346,710,33722500,215,16.97056275,25,52,0,35,31,164,154,202,231,0,3597,410,4551,1672
11001002102,124,185.6744463,466,331,398.7818953,-14,3236,342,279,297,498,577.2616391,170,528,553.2576253,546,189,2308,431,271.5768768,279,11,518,499,3444,392.2116775,1086,217,111.9553482,132.5216963,303,-1,194.345054,143.1782106,111.2879149,1,1025,129,129.6919427,48.90807704,75,72.0624729,819,314,398.7818953,377,389,207,991,187.6272901,118.7686827,168.8993783,30.34798181,2720,176.3604264,542,106,129,11,1136,11224920,817,87.78382539,-14,466,0,207,530,168,264,2102,1315,101,4934,819,4968,2055
11001002101,77,211.1066081,561,212,579.4894304,-28,3462,222,460,414,378,711.286159,101,801,696,557,200,2721,617,337.6151655,460,11,672,437,4014,475.2693973,1058,122,123.0934604,132.7554142,480,-1,181.1960264,157.4198209,72.38784428,1,1262,124,145.1137485,151.8420232,256,134.5771154,1086,718,579.4894304,319,406,426,1262,178.6169085,229.1898776,265.1942684,47.41307836,2806,220.3724121,798,153,178,10,1038,7122312,1395,88.6171541,-28,561,0,426,902,124,412,2101,1773,87,5703,1086,5713,2145
11001000201,12,21.37755833,0,2527,71.53320907,8,379,2535,12,228,0,194.9769217,875,53,183.1720503,192,944,834,51,58.78775383,12,11,180,3757,71,58.28378848,4,0,223.4166511,556.231966,38,null,33.9411255,20.61552813,210.4186304,1,16,555,16.97056275,195.5351631,661,59.73273809,0,0,71.53320907,12,0,12,0,606.6465198,48,33.9411255,37,402,41.56921938,755,5,24,8,70,1,269,16.97056275,8,0,0,12,0,null,0,201,269,0,81,0,3844,4
11001007703,149,180.0805375,1073,0,661.8391043,0,4811,0,518,313,35,779.4716159,120,679,110.0499886,680,293,1558,721,408.8814009,518,11,82,574,2778,378.4521106,528,300,174.9514218,49.55804677,534,-1,73.39618519,130.6981255,94.88413988,1,1531,17,226.8082891,38.01315562,0,125.8650071,1347,616,661.8391043,275,974,401,1531,225.4706189,218.7875682,381.0196845,48.08326112,3315,342.8279452,679,165,182,0,2211,2493600,37,223.0156945,0,1073,0,401,1496,100,537,7703,72,387,4883,1347,4883,2172
11001007707,90,119.6703806,648,72,436.5008591,83,4187,72,365,250,0,641.6642424,183,573,36,580,321,1503,483,284.7911515,365,11,12,506,2635,294.589545,592,122,138.8236291,102.7667261,336,-1,33.9411255,121.8277472,113.9254142,1,1251,97,152.4106296,201.434853,133,57.25382083,972,330,436.5008591,306,345,318,1178,160.6393476,111.5257818,274.4685774,33.9411255,3019,160.5490579,570,135,67,0,879,6885453,0,68.0661443,83,648,0,318,1168,141,355,7707,0,58,4319,972,4392,1467
11001006500,49,96.75742866,16,1827,102.7180607,23,203,2016,47,219,14,87.96590248,61,235,87.93747779,81,67,1596,65,95.35722311,47,11,79,77,2104,244.4360857,535,131,43.47413024,245.8231071,47,-1,38.62641583,40.71854614,41.59326869,1,234,234,53.31041174,51.16639522,81,24,234,39,102.7180607,58,7,29,234,44.40720662,64.31174076,34.3074336,75.31932023,195,40.52159918,236,108,0,189,131,28112750,101,16.97056275,23,16,0,29,8,139,157,6500,115,0,2402,234,2415,1158
11001005002,124,174.9228401,0,2500,310.7603578,52,1215,2500,201,361,347,282.1276307,236,462,578.9930915,278,392,3837,489,243.8196054,201,11,533,466,5070,536.6730848,759,111,198.9798985,370.1364613,202,-1,226.1503924,54.62600113,113.2960723,1,399,367,127.3459854,250.295825,499,85.52777327,374,823,310.7603578,73,96,17,399,210.924157,314.0477671,48.08326112,48.08326112,1215,124.3663942,462,168,87,0,937,13156385,1374,24.04163056,52,0,0,17,0,187,127,5002,1721,0,5935,374,5935,3524
11001005001,92,114.2891071,0,1147,112.543325,171,500,1157,92,195,0,208.9521476,15,260,86.90224393,203,15,1469,111,145.2067492,92,11,80,19,1869,303.4781705,500,156,36,172.8062499,90,-1,33.9411255,38.28837944,36,1,204,170,92.26592004,135.1295675,331,24,176,170,112.543325,48,0,12,199,26.83281573,111.9821414,49.51767361,31.01612484,477,41.56921938,260,65,0,10,130,17683662,104,16.97056275,171,0,0,12,23,106,161,5001,104,0,2087,176,2092,957
11001001301,20,138.6542462,0,2711,300.2648831,84,379,3154,222,330,47,139.2012931,312,416,180.3330253,135,366,2551,181,196.562967,222,11,170,382,3202,362.8181363,634,20,174.5709025,441.8619694,231,-1,60.16643583,120.2206305,161.0527864,1,574,404,72.80109889,162.3637891,370,21.16601049,549,61,300.2648831,127,25,12,574,185.5640051,61.84658438,33.9411255,178.9580957,379,55.72252686,416,136,2,443,381,19167232,208,16.97056275,84,0,0,12,0,112,89,1301,255,0,4060,549,4158,1935
11001001302,111,321.9922359,18,5501,305.132758,115,471,5863,187,583,0,331.5312957,522,720,208.6168737,325,522,5330,328,242.11774,187,11,203,627,6674,599.5089657,1507,208,234.2050384,611.9828429,204,-1,48.08326112,178.809955,234.2050384,1,495,573,139.2012931,325.2875651,869,34,446,35,305.132758,253,27,31,495,273.7078735,85.79044236,54.62600113,214.9278949,468,71.51922818,720,304,0,362,774,32028750,593,47.16990566,115,18,0,31,18,219,312,1302,593,27,7796,446,7796,4867
11001004001,58,202.3388247,13,3071,139.9428455,0,93,3337,84,437,29,82.3225364,155,497,162.5546062,75,155,2782,73,100.5534684,84,11,150,169,3443,602.3420955,1100,65,123.3126109,491.1578158,81,-1,62.64183905,67.08203932,123.3126109,1,295,483,74.02702209,109.658561,183,24,242,26,139.9428455,117,0,21,266,121.5976973,55.97320788,33.9411255,89.14594775,93,41.56921938,490,132,0,266,114,30587714,265,16.97056275,0,13,0,21,0,131,162,4001,294,0,3878,242,3907,2223
11001004002,13,118.6802427,0,2050,143.1502707,5,200,2133,91,215,0,141.8238344,192,299,116.0732527,114,192,2114,45,99.23708984,91,11,111,200,2475,294.3705148,617,11,96.74709298,324.087951,89,-1,33.9411255,59.53990259,96.74709298,1,138,312,17.69180601,105.6314347,268,24,107,32,143.1502707,132,0,12,138,96.04686356,50.45790325,61.07372594,87.68694316,170,41.56921938,299,126,0,83,97,23078750,212,16.97056275,5,0,0,12,50,185,11,4002,212,0,2813,107,2813,1779
11001000600,77,192.2732431,89,2887,212.3534789,14,321,3444,140,285,105,196.9466933,148,366,206.9879224,171,148,2569,130,156.0224343,140,11,194,189,3672,328.6639621,1466,171,82.28000972,388.3683818,135,-1,72.16647421,66.70832032,82.28000972,1,676,361,82.28000972,131.487642,332,24,600,125,212.3534789,110,0,70,666,98.22932352,108.3512806,33.9411255,143.2096365,411,41.56921938,414,132,0,557,311,35250141,335,16.97056275,14,89,0,70,0,141,199,600,440,0,4309,600,4537,2126
11001009400,102,190.2997635,314,562,418.6227419,13,3451,628,265,279,95,660.8600457,118,570,266.3475174,623,195,1614,337,216.8386497,265,11,253,405,3378,371.8467426,1281,162,116.3915805,276.8718115,347,-1,83.25863319,108.6646217,90.69729875,1,725,269,140.0714104,87.22958214,123,21.63330765,631,319,418.6227419,248,12,260,720,301.0548123,125.5786606,208.8228915,65.55150647,2944,40.49691346,574,108,2,66,684,12254948,211,16.97056275,13,314,0,260,551,146,306,9400,306,0,4503,631,4508,1651
11001008302,31,83.6361166,0,1534,107.5360405,34,425,1711,51,141,26,135.4067945,196,156,89.88882022,129,207,1530,54,94.7892399,51,11,76,218,1887,204.8682503,513,57,93.03225247,181,51,-1,48,31.38470965,86.80437777,1,287,169,43.13930922,59.41380311,140,21.16601049,275,90,107.5360405,41,0,12,280,97.18538985,64.69157596,49.58830507,64.80740698,384,41.56921938,170,46,2,177,157,22421971,90,16.97056275,34,0,0,12,50,143,112,8302,116,0,2266,275,2392,985
11001008301,79,103.0194156,7,1697,120.8552854,29,260,1869,81,252,21,85.34635317,279,276,100.4539696,59,311,1771,91,98.31581765,81,11,93,336,1894,262.5642778,572,143,141.1382301,269.2619542,78,-1,37.97367509,30.41381265,137.2260908,1,261,259,83.16850365,95.76011696,220,22.36067977,246,55,120.8552854,45,0,13,261,131.1258937,57.84461946,40.73082371,73.62744054,250,41.56921938,273,70,10,172,185,19279575,121,16.97056275,29,7,0,13,39,105,172,8301,142,0,2436,246,2491,1007
11001009601,23,97.14422268,261,2,217.1474154,8,2120,3,131,111,0,298.462728,78,270,36.34556369,261,221,493,297,165.7467948,131,11,13,334,1258,157.8670327,348,20,95.43060306,32.28002478,155,-1,33.9411255,28.16025568,73.66138744,1,590,5,46.14108798,57.27128425,49,65.49045732,479,329,217.1474154,32,391,79,577,113.4548368,93.26842981,144.7722349,31.89043744,1539,138.6722755,270,69,100,1,928,3137484,10,50.08991915,8,261,0,79,581,82,69,9601,10,60,2167,479,2182,768
11001007100,94,106.9111781,129,997,457.0787678,12,1969,1041,253,185,70,510.3371435,173,532,214.6671843,449,213,1332,582,235.8770866,253,11,197,297,2331,309.94193,555,134,99.8849338,179.8499374,378,-1,85.28188553,38.89730068,85.9185661,1,707,175,102.5524256,70.55494313,142,44.74371464,388,377,457.0787678,48,500,118,707,135.2479205,130.9198228,238.8367643,41.48493703,1409,210.6015195,532,53,54,44,1337,5635680,113,58.24946352,12,129,0,118,581,120,171,7100,183,37,3335,388,3335,1381
11001002502,213,174.0373523,274,827,531.2118222,-154,2635,1070,368,410,459,842.0510673,388,714,530.194304,505,408,3494,414,364.6793112,368,11,484,438,4374,520.8905835,782,436,168.0476123,271.5179552,390,-1,216.4486082,184.1955483,167.0718408,1,1267,244,271.9007172,115.6805947,287,56.98245344,1031,826,531.2118222,400,266,205,1267,171.4788617,279.2883814,262.7736669,119.1049957,2556,194.8050307,714,147,46,243,851,10385504,1628,144.402216,-154,274,0,205,719,136,653,2502,2087,151,6079,1031,6079,2347
11001002501,85,98.46319109,140,484,238.6545621,-16,1533,607,157,251,112,381.656914,184,404,244.5015337,313,247,1240,327,151.109232,157,11,236,327,1926,261.5320248,483,115,120.6565373,130.0807442,162,-1,63.91400473,102.6157883,95.99479153,1,495,116,85.84287973,45.04442252,57,77.67882594,405,427,238.6545621,190,185,133,485,121.6059209,165.4508991,152.1906699,58.86425061,1341,116.3185282,406,64,102,123,728,5023032,439,41.10960958,-16,140,0,133,276,84,115,2501,551,31,2738,405,2748,998
11001005600,78,214.3781705,0,4282,145.1619785,44,389,4337,99,450,0,186.311567,770,453,266.3756746,182,883,3545,212,116.9871788,99,11,262,2341,4037,564.9504403,1143,78,232.871209,626.328987,99,-1,48.08326112,102.8834292,209.8594768,1,99,621,85.49268975,347.162786,1104,34,99,148,145.1619785,115,0,17,99,810.1610951,107.4476617,48.08326112,81.5291359,423,58.88972746,810,312,0,55,853,46853365,647,24.04163056,44,0,0,17,0,205,99,5600,647,0,4871,99,6477,3579
11001003100,85,130,80,825,300.3314835,-12,959,854,150,272,391,264.0227263,298,474,485.5296077,234,333,2012,313,180.5574701,150,11,459,432,2365,309.0032362,567,98,112.7208942,211.1326597,239,-1,158.2971889,138.9280389,105.3280589,1,558,208,112.6987134,82.80700453,150,64.31174076,355,435,300.3314835,269,124,66,558,142.0035211,153.4959283,81.89627586,36.23534186,893,107.1540946,474,90,83,29,353,5506520,1001,93.23089617,-12,80,0,66,150,94,187,3100,1392,83,3355,355,3355,1082
11001001002,111,186.1504768,0,2294,185.0324296,45,176,2406,125,392,67,106.5504575,614,477,372.1316971,101,721,2242,361,138.4485464,125,11,355,1089,2203,333.0120118,727,90,258.3795658,338.4730418,125,-1,111.6109314,66.57326791,230.7942807,1,224,331,115.8015544,226.3669587,470,24,224,262,185.0324296,83,0,12,224,376.9681684,143.7115166,33.9411255,70.73188814,176,41.56921938,477,175,0,112,967,19003866,397,16.97056275,45,0,0,12,0,111,137,1002,464,0,3515,224,3516,1831
11001001001,150,234.5655559,131,4882,361.150938,492,162,6073,264,302,232,99.51381814,399,466,299.9316589,82,426,3568,171,308.412062,264,11,269,856,5244,359.7971651,2075,340,147.7227132,531.0564942,264,-1,132.6574536,58.30951895,142.2708684,1,1936,492,178.6309044,306.3282553,1147,30.5122926,1899,36,361.150938,85,17,89,1916,258.9073193,75.68355171,56.38262144,199.8924711,141,62.95236294,506,89,3,1191,400,32119452,422,24.04163056,492,131,0,89,21,172,634,1001,654,0,7605,1899,8036,2838
11001009604,14,107.4569681,106,19,134.9147879,0,1967,19,68,150,0,250.3317798,57,239,57.16642371,232,64,859,92,108.0833012,68,11,46,122,1597,206.6204249,632,9,37.50999867,41.56921938,84,-1,33.9411255,75.96051606,35.87478223,1,331,24,34.92849839,25.63201124,8,23.51595203,191,170,134.9147879,125,9,70,321,65,73.67496183,94.03190948,33.9411255,1650,42.19004622,240,43,15,0,210,7614684,56,18.43908891,0,106,0,70,331,123,58,9604,56,9,2040,191,2050,993
11001004300,62,128.6273688,82,1787,168.1071087,28,904,1884,116,294,82,207.2679425,216,339,211.9693374,187,230,2304,170,135.410487,116,11,201,222,2907,342.6412118,572,72,120.6358156,311.3181652,106,-1,67.30527468,120.420098,118.1862936,1,352,304,85.58621384,101.4494948,196,24,308,332,168.1071087,200,82,109,352,116.7261753,170.0617535,89.39239341,67.10439628,759,67.29784543,339,106,0,97,353,19345672,415,25.94224354,28,82,0,109,145,148,153,4300,497,15,3481,308,3481,1948
11001007502,102,87.4185335,1156,29,451.7908808,9,5219,29,358,223,0,626.4910215,127,549,36.7151195,559,339,1144,629,279.2203431,358,11,14,889,2820,335.8987943,223,147,134.9184939,45.29900661,349,-1,33.9411255,83.81527307,83.39064696,1,1563,30,130.2497601,27.78488798,15,144.5856148,1372,557,451.7908808,187,1079,308,1563,274.6434052,156.3905368,282.8603896,33.9411255,3665,229.8521264,564,87,298,0,2848,3363360,9,102.6498904,9,1156,0,308,1554,130,272,7502,9,179,5000,1372,5272,1687
11001007503,112,74.93330368,688,29,296.2971481,0,2557,29,213,135,0,400.4147849,88,349,41.56921938,360,161,690,377,174.6625318,213,11,24,370,1295,197.4613886,285,275,65.65059025,45.29900661,234,-1,33.9411255,110.6932699,47.10626285,1,947,30,134.2385936,25.23885893,11,55.21775077,790,226,296.2971481,110,598,215,947,104.6231332,123.971771,175.3054477,33.9411255,1610,147.9425564,349,64,110,0,1230,4301640,15,100.2397127,0,688,0,215,947,120,435,7503,15,262,2612,790,2612,899
11001007504,167,85.24083528,608,52,380.4970434,1,2475,54,272,179,0,464.5018837,96,392,36,403,167,669,390,239.681038,272,11,12,272,1349,232.0193957,223,280,89.98333179,73.21885003,299,-1,33.9411255,49.2036584,76.34133874,1,909,67,192.6265818,24.08318916,1,53.15072906,719,289,380.4970434,79,562,268,879,101.414989,111.0990549,230.9826833,29.52964612,1569,194.6817916,407,106,74,2,1142,2168595,0,154.6253537,1,608,0,268,906,99,398,7504,0,303,2496,719,2530,988
11001006700,63,127.3538378,25,2752,157.2354922,82,436,3136,88,228,0,172.1801382,252,237,85.06468127,158,255,2415,79,135.1480669,88,11,78,271,3151,241.9421418,1088,164,107.694011,234.6657197,89,-1,33.9411255,50.21951812,107.694011,1,535,210,79.81227976,125.7060062,248,21.9317122,485,62,157.2354922,81,0,28,494,115.3819743,56.0178543,68.42514158,104.7282197,367,41.56921938,264,93,3,384,181,34300000,137,16.97056275,82,25,0,28,69,175,258,6700,137,0,3916,485,3957,1787
11001009802,51,53.19774431,296,0,208.9856454,0,1547,0,141,105,0,292.5098289,65,260,36,260,138,452,221,140.8935769,141,11,12,209,845,129.9692271,168,85,65.7267069,36,153,-1,33.9411255,65.76473219,48.22862221,1,493,12,88.23264702,26.83281573,0,47.05316142,348,183,208.9856454,140,315,141,493,74.27651042,72.04165462,134.0223862,33.9411255,1054,119.7622645,260,74,56,0,663,2450922,0,100.1848292,0,296,0,141,493,93,189,9802,0,175,1547,348,1547,564
11001008702,50,82.10968274,48,224,115.7756451,-3,1389,224,50,141,57,231.8059533,88,194,113.5693621,224,129,757,166,88.63972022,50,11,105,205,1327,177.7638883,367,53,63.90618123,80.50465825,77,-1,43.27817002,38.48376281,54.24020649,1,229,73,62.80127387,28.8444102,28,50.80354318,74,214,115.7756451,50,65,43,229,77.07788269,95.48821917,66.70832032,33.9411255,1232,54.16641026,194,57,63,0,483,6219555,63,24.41311123,-3,48,0,43,175,95,96,8702,120,21,1761,74,1761,697
11001008701,21,85.72630868,95,542,152.7514321,0,1631,563,105,214,0,337.3662698,163,349,67.20119047,329,179,1316,120,88.85381252,105,11,58,312,1872,263.3154002,433,20,83.21658489,127.8944878,125,-1,33.9411255,65.94694838,72.45688373,1,175,124,50.56678752,78.74642849,69,39.10242959,109,323,152.7514321,136,11,103,165,130.0346108,169.3398949,74.66592262,31.32091953,1483,41.40048309,350,73,39,21,275,10234375,96,19.20937271,0,95,0,103,154,125,64,8701,96,6,2349,109,2359,890
11001010900,180,40.01249805,674,56,501.091808,0,4013,56,304,212,0,951.6664332,151,893,59.60704656,896,410,1011,814,300.4529913,304,11,49,915,1922,363.7361681,36,372,170.3555106,66.34003316,389,-1,33.9411255,68.8839604,92.83856957,1,1295,57,216.3330765,29.41088234,11,365.6336965,913,318,501.091808,138,733,297,1237,434.7505032,140.6662717,312.1986547,33.9411255,2746,230.5016269,885,98,434,0,2215,3463845,52,166.1384964,0,674,0,297,1295,105,514,10900,52,278,4074,913,4132,1142
11001009801,80,50.02999101,357,18,265.3224453,53,1806,18,192,164,9,355.7203958,40,338,38.63935817,316,87,546,266,173.9252713,192,11,17,116,1097,172.5746215,145,137,51.2249939,38.89730068,208,-1,34.69870315,66.37017402,40.17461885,1,712,19,94.87360012,99.24716621,87,27.49545417,515,220,265.3224453,170,376,141,663,53.90732789,82.54089895,157.403939,33.9411255,1170,134.1491707,335,89,13,0,755,3590247,5,94.64142856,53,357,0,141,650,101,241,9801,14,153,1876,515,1925,730
11001009700,73,132.6235273,477,8,293.4978705,0,2979,8,201,211,0,520.5804453,48,490,42.15447782,484,230,1025,362,198.4792181,201,11,25,359,2015,319.4323089,436,95,114.9173616,38.89730068,217,-1,33.9411255,138.2931669,52.83937925,1,663,19,75.96051606,61.84658438,36,57.86190457,567,344,293.4978705,156,261,210,647,135.3255334,123.6001618,191.6976787,33.9411255,2316,126.439709,496,128,74,0,963,2896617,14,54.23098745,0,477,0,210,663,83,108,9700,14,51,3021,567,3037,1088
11001001402,42,104.1489318,84,1561,150.2131818,106,441,1955,86,240,78,172.0988088,177,251,182.0823989,164,177,1515,152,132.1098028,86,11,172,224,2242,231.7498652,823,145,115.7540496,247.2266167,89,-1,59.74947699,62.68173578,115.7540496,1,626,229,77.38862966,179.4937325,359,24,617,272,150.2131818,97,34,77,626,151.2084654,165.6411785,48.91829923,93.16651759,399,67.08203932,252,99,0,394,279,30082416,259,55.31726674,106,84,0,77,48,142,258,1402,337,34,3084,617,3092,1431
11001001401,33,115.3039462,55,2003,175.191324,72,262,2586,116,198,72,146,86,264,221.9617084,142,114,1624,219,132.1816931,116,11,214,213,2393,252.6064132,763,49,77.98717843,282.8073549,117,-1,58.91519329,73.24616031,75.24626237,1,727,260,45.96737974,88.18730067,220,33.73425559,715,43,175.191324,133,12,38,727,98.84331035,55.47972603,33.9411255,111.2654484,262,44.10215414,264,66,16,583,363,36500146,193,16.97056275,72,55,0,38,0,146,113,1401,265,0,3333,715,3333,1437
11001008410,41,81.99390221,114,467,109.9636304,5,832,547,72,145,0,207.0965958,84,238,53.22593353,194,124,883,58,104.938077,72,11,41,167,1072,165.3390456,355,56,74.39085965,104.5657688,63,-1,33.9411255,50.44799302,63.2534584,1,241,96,47.50789408,38.80721582,57,28.16025568,207,43,109.9636304,90,0,91,233,83.00602388,51.68171824,72.47758274,41.44876355,676,41.56921938,240,55,15,80,90,9095604,44,16.97056275,5,114,0,91,156,84,88,8410,44,0,1465,207,1480,533
11001009803,84,51.6139516,430,5,312.4403943,0,2793,5,215,183,0,438.0296794,8,360,36,386,188,774,304,197.010152,215,11,12,276,1753,219.9613602,127,164,90.89004346,36.7151195,229,-1,33.9411255,69.89277502,30.2654919,1,769,14,122.380554,26.83281573,0,68.53466276,569,299,312.4403943,133,387,195,716,103.5857133,103.4311365,207.0603777,33.9411255,2024,134.3874994,385,109,162,0,1082,3202938,0,85.91274643,0,430,0,195,769,107,289,9803,0,144,2745,569,2798,1168
11001000801,97,244.0532729,39,4237,314.9190372,139,412,5070,224,371,58,254.4641429,328,548,301.8128559,247,340,2873,458,226.7245024,224,11,296,1383,4303,398.251177,2099,179,141.0921685,536.7410921,231,-1,58.94913061,103.4456379,141.5379808,1,1052,499,123.8466794,186.3249849,602,47.6235236,1027,93,314.9190372,109,54,36,1044,575.590132,86.37708029,56.9912274,197.7119116,407,70.92249291,586,152,19,833,916,41706158,596,24.04163056,139,39,0,36,22,169,328,801,654,0,6291,1027,6738,2900
11001000802,71,126.2061805,125,1699,244.1331604,-38,197,2153,180,141,77,258.5014507,89,297,195.0076922,217,89,1454,210,157.5817248,180,11,186,221,2214,237.0189866,872,143,65.97726881,274.072983,180,-1,58.58327406,42.72001873,65.97726881,1,642,249,101.1187421,163.3799253,337,24,642,39,244.1331604,60,7,164,642,160.3277892,67.18630813,103.2182154,114.5207405,99,41.29164564,297,73,0,454,462,28852024,313,16.97056275,-38,125,0,164,149,122,285,802,390,0,3077,642,3077,1358
